--
-- Dumping data for table 'categories'
--

INSERT INTO CATEGORIES (CATEGORIES_ID, CATEGORIES_IMAGE, PARENT_ID, SORT_ORDER, DATE_ADDED, LAST_MODIFIED, CATEGORIES_STATUS, VISIBLE, REFCATEGORYID, REFCATEGORYLEVEL, REFCATEGORYNAME, REFCATEGORYPARENTID, REFEXPIRED, MERCHANTID, LINEAGE) VALUES
(0, NULL, 0, 0, '2010-01-01 00:00:00', '2010-01-01 00:00:00', 0, 0, 1, 1, '', 'root', 'false', 0, '/');


--
-- Dumping data for table 'CATEGORIES_DESCRIPTION'
--

INSERT INTO CATEGORIES_DESCRIPTION (CATEGORIES_ID, LANGUAGE_ID, CATEGORIES_NAME, CATEGORIES_DESCRIPTION) VALUES
(0, 1, 'Root', 'Root category');
INSERT INTO CATEGORIES_DESCRIPTION (CATEGORIES_ID, LANGUAGE_ID, CATEGORIES_NAME, CATEGORIES_DESCRIPTION) VALUES
(0, 2, 'Racine', 'Root category');


--
-- Dumping data for table 'central_channels'
--

INSERT INTO CENTRAL_CHANNELS VALUES(1, 0, 'Online Web Store', 0, 1, '2010-01-01 00:00:00');



--
-- Dumping data for table 'CENTRAL_CREDIT_CARDS'
--

INSERT INTO CENTRAL_CREDIT_CARDS VALUES(1, '0', 'Master Card', 1, 1, '2010-01-01 00:00:00');
INSERT INTO CENTRAL_CREDIT_CARDS VALUES(2, '1', 'Visa', 2, 1, '2010-01-01 00:00:00');
INSERT INTO CENTRAL_CREDIT_CARDS VALUES(3, '2', 'American Express', 3, 1, '2010-01-01 00:00:00');


--
-- Dumping data for table 'CENTRAL_FUNCTION'
--

INSERT INTO CENTRAL_FUNCTION VALUES(1, 'ASTOR01', 'MER', 'Store', 1, 1, '/profile/store.action', 0, '2010-01-01 00:00:00', '2010-01-01 00:00:00');
INSERT INTO CENTRAL_FUNCTION VALUES(2, 'CCAT01', 'CAT', 'View Categories', 1, 1, '/catalog/category.action', 0, '2010-01-01 00:00:00', '2010-01-01 00:00:00');
INSERT INTO CENTRAL_FUNCTION VALUES(3, 'CPRD01', 'CAT', 'Manage products', 2, 1, '/catalog/productlist.action', 0, '2010-01-01 00:00:00', '2010-01-01 00:00:00');
INSERT INTO CENTRAL_FUNCTION VALUES(4, 'CDTFED01', 'CAT', 'Data Feeds', 3, 0, '/catalog/datafeed.action', 0, '2010-01-01 00:00:00', '2010-01-01 00:00:00');
INSERT INTO CENTRAL_FUNCTION VALUES(5, 'CHTX01', 'CHK', 'Tax Management', 1, 1, '/tax/tax.action', 0, '2010-01-01 00:00:00', '2010-01-01 00:00:00');
INSERT INTO CENTRAL_FUNCTION VALUES(6, 'CHPAY01', 'CHK', 'Payment Methods', 2, 1, '/payment/payment.action', 0, '2010-01-01 00:00:00', '2010-01-01 00:00:00');
INSERT INTO CENTRAL_FUNCTION VALUES(7, 'CHSH01', 'CHK', 'Shipping Management', 3, 1, '/shipping/shipping.action', 0, '2010-01-01 00:00:00', '2010-01-01 00:00:00');
INSERT INTO CENTRAL_FUNCTION VALUES(8, 'REPSA01', 'REP', 'Sales Reports', 1, 0, '/reports/sales.action', 0, '2010-01-01 00:00:00', '2010-01-01 00:00:00');
INSERT INTO CENTRAL_FUNCTION VALUES(9, 'CAROP01', 'CAR', 'Shopping Cart Properties', 1, 1, '/cartproperties/shoppingcart.action', 0, '2010-01-01 00:00:00', '2010-01-01 00:00:00');
INSERT INTO CENTRAL_FUNCTION VALUES(10, 'ORDLI01', 'ORD', 'Order List', 1, 1, '/orders/orderlist.action', 0, '2010-01-01 00:00:00', '2010-01-01 00:00:00');
INSERT INTO CENTRAL_FUNCTION VALUES(11, 'CAROP02', 'CAR', 'Integration Errors', 2, 1, '/cartproperties/integrationerrors.action', 0, '2010-01-01 00:00:00', '2010-01-01 00:00:00');
INSERT INTO CENTRAL_FUNCTION VALUES(13, 'POCAT01', 'CAT', 'Product options', 3, 1, '/catalog/productoption.action', 0, '2010-01-01 00:00:00', '2010-01-01 00:00:00');
INSERT INTO CENTRAL_FUNCTION VALUES(15, 'CUST01', 'ORD', 'Customers', 2, 1, '/customer/customerlist.action', 0, '2010-01-01 00:00:00', '2010-01-01 00:00:00');
INSERT INTO CENTRAL_FUNCTION VALUES(16, 'INV01', 'ORD', 'Invoices', 3, 1, '/invoice/invoicelist.action', 0, '2010-01-01 00:00:00', '2010-01-01 00:00:00');
INSERT INTO CENTRAL_FUNCTION VALUES(17, 'PROF01', 'MER', 'Profile', 1, 1, '/profile/profile.action', 0, '2010-01-01 00:00:00', '2010-01-01 00:00:00');
INSERT INTO CENTRAL_FUNCTION VALUES(18, 'SFRONT01', 'CAR', 'Store Front', 1, 1, '/merchantstore/storeFront.action', 0, '2010-01-01 00:00:00', '2010-01-01 00:00:00');
INSERT INTO CENTRAL_FUNCTION VALUES(19, 'SFRONT02', 'CAR', 'Featured items', 1, 1, '/catalog/featuredItems_display.action', 0, '2010-01-01 00:00:00', '2010-01-01 00:00:00');
INSERT INTO CENTRAL_FUNCTION VALUES(20, 'SFPRT01', 'CAR', 'Store front portlets', 1, 1, '/merchantstore/storeFrontPortlets.action', 0, '2010-01-01 00:00:00', '2010-01-01 00:00:00');
INSERT INTO CENTRAL_FUNCTION VALUES(21, 'SFCTUS01', 'CAR', 'Store front contact us', 1, 1, '/merchantstore/contactUs.action', 0, '2010-01-01 00:00:00', '2010-01-01 00:00:00');
INSERT INTO CENTRAL_FUNCTION VALUES(22, 'SFCTPG01', 'CAR', 'Store front content pages', 1, 1, '/merchantstore/storePageList.action', 0, '2010-01-01 00:00:00', '2010-01-01 00:00:00');
INSERT INTO CENTRAL_FUNCTION VALUES(23, 'SFMB01', 'CAR', 'Store front media bin', 1, 1, '/merchantstore/binView.action', 0, '2010-01-01 00:00:00', '2010-01-01 00:00:00');
INSERT INTO CENTRAL_FUNCTION VALUES(24, 'SFCTSC01', 'CAR', 'Store front content section', 1, 1, '/merchantstore/pageContentList.action', 0, '2010-01-01 00:00:00', '2010-01-01 00:00:00');


--
-- Dumping data for table 'CENTRAL_REG_ASSOCIATION'
--

INSERT INTO CENTRAL_REG_ASSOCIATION VALUES(1, 1, 'CAT', ' ', 0, '2010-01-01 00:00:00');
INSERT INTO CENTRAL_REG_ASSOCIATION VALUES(2, 1, ' ', 'CCAT01', 0, '2010-01-01 00:00:00');
INSERT INTO CENTRAL_REG_ASSOCIATION VALUES(3, 1, ' ', 'CPRD01', 0, '2010-01-01 00:00:00');
INSERT INTO CENTRAL_REG_ASSOCIATION VALUES(4, 1, 'CHK', ' ', 0, '2010-01-01 00:00:00');
INSERT INTO CENTRAL_REG_ASSOCIATION VALUES(5, 1, 'ORD', ' ', 0, '2010-01-01 00:00:00');
INSERT INTO CENTRAL_REG_ASSOCIATION VALUES(6, 1, ' ', 'CHPAY01', 0, '2010-01-01 00:00:00');
INSERT INTO CENTRAL_REG_ASSOCIATION VALUES(7, 1, 'REP', ' ', 0, '2010-01-01 00:00:00');
INSERT INTO CENTRAL_REG_ASSOCIATION VALUES(8, 1, ' ', 'REPSA01', 0, '2010-01-01 00:00:00');
INSERT INTO CENTRAL_REG_ASSOCIATION VALUES(9, 1, ' ', 'ORDLI01', 0, '2010-01-01 00:00:00');
INSERT INTO CENTRAL_REG_ASSOCIATION VALUES(10, 2, ' ', 'ORDLI01', 0, '2010-01-01 00:00:00');
INSERT INTO CENTRAL_REG_ASSOCIATION VALUES(11, 2, 'CAT', ' ', 0, '2010-01-01 00:00:00');
INSERT INTO CENTRAL_REG_ASSOCIATION VALUES(12, 2, ' ', 'CCAT01', 0, '2010-01-01 00:00:00');
INSERT INTO CENTRAL_REG_ASSOCIATION VALUES(13, 2, ' ', 'CPRD01', 0, '2010-01-01 00:00:00');
INSERT INTO CENTRAL_REG_ASSOCIATION VALUES(14, 2, ' ', 'CDTFED01', 0, '2010-01-01 00:00:00');
INSERT INTO CENTRAL_REG_ASSOCIATION VALUES(15, 2, 'CHK', ' ', 0, '2010-01-01 00:00:00');
INSERT INTO CENTRAL_REG_ASSOCIATION VALUES(16, 2, ' ', 'CHPAY01', 0, '2010-01-01 00:00:00');
INSERT INTO CENTRAL_REG_ASSOCIATION VALUES(17, 2, ' ', 'CHTX01', 0, '2010-01-01 00:00:00');
INSERT INTO CENTRAL_REG_ASSOCIATION VALUES(18, 2, 'ORD', ' ', 0, '2010-01-01 00:00:00');
INSERT INTO CENTRAL_REG_ASSOCIATION VALUES(19, 2, 'REP', ' ', 0, '2010-01-01 00:00:00');
INSERT INTO CENTRAL_REG_ASSOCIATION VALUES(20, 2, ' ', 'REPSA01', 0, '2010-01-01 00:00:00');
INSERT INTO CENTRAL_REG_ASSOCIATION VALUES(21, 1, ' ', 'CAROP01', 0, '2010-01-01 00:00:00');
INSERT INTO CENTRAL_REG_ASSOCIATION VALUES(22, 2, ' ', 'CAROP01', 0, '2010-01-01 00:00:00');
INSERT INTO CENTRAL_REG_ASSOCIATION VALUES(23, 1, 'CAR', ' ', 0, '2010-01-01 00:00:00');
INSERT INTO CENTRAL_REG_ASSOCIATION VALUES(24, 2, 'CAR', ' ', 0, '2010-01-01 00:00:00');
INSERT INTO CENTRAL_REG_ASSOCIATION VALUES(25, 1, ' ', 'CHSH01', 0, '2010-01-01 00:00:00');
INSERT INTO CENTRAL_REG_ASSOCIATION VALUES(26, 2, ' ', 'CHSH01', 0, '2010-01-01 00:00:00');
INSERT INTO CENTRAL_REG_ASSOCIATION VALUES(27, 1, ' ', 'ASTOR01', 0, '2010-01-01 00:00:00');
INSERT INTO CENTRAL_REG_ASSOCIATION VALUES(28, 2, ' ', 'ASTOR01', 0, '2010-01-01 00:00:00');
INSERT INTO CENTRAL_REG_ASSOCIATION VALUES(29, 1, ' ', 'CAROP02', 0, '2010-01-01 00:00:00');
INSERT INTO CENTRAL_REG_ASSOCIATION VALUES(30, 2, ' ', 'CAROP02', 0, '2010-01-01 00:00:00');
INSERT INTO CENTRAL_REG_ASSOCIATION VALUES(33, 1, ' ', 'POCAT01', 0, '2010-01-01 00:00:00');
INSERT INTO CENTRAL_REG_ASSOCIATION VALUES(34, 2, ' ', 'POCAT01', 0, '2010-01-01 00:00:00');
INSERT INTO CENTRAL_REG_ASSOCIATION VALUES(37, 1, ' ', 'CUST01', 0, '2010-01-01 00:00:00');
INSERT INTO CENTRAL_REG_ASSOCIATION VALUES(38, 2, ' ', 'CUST01', 0, '2010-01-01 00:00:00');
INSERT INTO CENTRAL_REG_ASSOCIATION VALUES(39, 1, ' ', 'INV01', 0, '2010-01-01 00:00:00');
INSERT INTO CENTRAL_REG_ASSOCIATION VALUES(40, 2, ' ', 'INV01', 0, '2010-01-01 00:00:00');
INSERT INTO CENTRAL_REG_ASSOCIATION VALUES(41, 1, ' ', 'PROF01', 0, '2010-01-01 00:00:00');
INSERT INTO CENTRAL_REG_ASSOCIATION VALUES(42, 2, ' ', 'PROF01', 0, '2010-01-01 00:00:00');
INSERT INTO CENTRAL_REG_ASSOCIATION VALUES(43, 1, 'MER', ' ', 0, '2010-01-01 00:00:00');
INSERT INTO CENTRAL_REG_ASSOCIATION VALUES(44, 2, 'MER', ' ', 0, '2010-01-01 00:00:00');
INSERT INTO CENTRAL_REG_ASSOCIATION VALUES(45, 1, ' ', 'SFRONT01', 0, '2010-01-01 00:00:00');
INSERT INTO CENTRAL_REG_ASSOCIATION VALUES(46, 2, ' ', 'SFRONT01', 0, '2010-01-01 00:00:00');
INSERT INTO CENTRAL_REG_ASSOCIATION VALUES(47, 1, ' ', 'SFRONT02', 0, '2010-01-01 00:00:00');
INSERT INTO CENTRAL_REG_ASSOCIATION VALUES(48, 2, ' ', 'SFRONT02', 0, '2010-01-01 00:00:00');
INSERT INTO CENTRAL_REG_ASSOCIATION VALUES(49, 1, ' ', 'SFPRT01', 0, '2010-01-01 00:00:00');
INSERT INTO CENTRAL_REG_ASSOCIATION VALUES(50, 2, ' ', 'SFPRT01', 0, '2010-01-01 00:00:00');
INSERT INTO CENTRAL_REG_ASSOCIATION VALUES(51, 1, ' ', 'SFCTUS01', 0, '2010-01-01 00:00:00');
INSERT INTO CENTRAL_REG_ASSOCIATION VALUES(52, 2, ' ', 'SFCTUS01', 0, '2010-01-01 00:00:00');
INSERT INTO CENTRAL_REG_ASSOCIATION VALUES(53, 1, ' ', 'SFCTPG01', 0, '2010-01-01 00:00:00');
INSERT INTO CENTRAL_REG_ASSOCIATION VALUES(54, 2, ' ', 'SFCTPG01', 0, '2010-01-01 00:00:00');
INSERT INTO CENTRAL_REG_ASSOCIATION VALUES(55, 1, ' ', 'SFMB01', 0, '2010-01-01 00:00:00');
INSERT INTO CENTRAL_REG_ASSOCIATION VALUES(56, 2, ' ', 'SFMB01', 0, '2010-01-01 00:00:00');
INSERT INTO CENTRAL_REG_ASSOCIATION VALUES(57, 1, ' ', 'SFCTSC01', 0, '2010-01-01 00:00:00');
INSERT INTO CENTRAL_REG_ASSOCIATION VALUES(58, 2, ' ', 'SFCTSC01', 0, '2010-01-01 00:00:00');



--
-- Dumping data for table 'CENTRAL_GROUP'
--

INSERT INTO CENTRAL_GROUP VALUES(1, 'HOME', 'home', 0, 1, 0, '2010-01-01 00:00:00', '2010-01-01 00:00:00');
INSERT INTO CENTRAL_GROUP VALUES(8, 'MER', '/profile/profile.action', 1, 1, 0, '2010-01-01 00:00:00', '2010-01-01 00:00:00');
INSERT INTO CENTRAL_GROUP VALUES(2, 'CAR', '/merchantstore/storeFront.action', 3, 1, 0, '2010-01-01 00:00:00', '2010-01-01 00:00:00');
INSERT INTO CENTRAL_GROUP VALUES(3, 'CAT', '/catalog/productlist.action', 4, 1, 0, '2010-01-01 00:00:00', '2010-01-01 00:00:00');
INSERT INTO CENTRAL_GROUP VALUES(4, 'CHK', '/payment/payment.action', 5, 1, 0, '2010-01-01 00:00:00', '2010-01-01 00:00:00');
INSERT INTO CENTRAL_GROUP VALUES(5, 'ORD', '/orders/orderlist.action', 8, 1, 0, '2010-01-01 00:00:00', '2010-01-01 00:00:00');



--
-- Dumping data for table 'CORE_MODULES_SERVICES'
--


INSERT INTO CORE_MODULES_SERVICES VALUES(1,1,'canadapost','CA',0,'Canada Post','/shipping/canadapost.jpg',0,1,0,'','http','sellonline.canadapost.ca','30000','','http','sellonline.canadapost.ca','30000','',1);
INSERT INTO CORE_MODULES_SERVICES VALUES(2,1,'usps','US',0,'United States Postal Services','/shipping/usps.jpg',0,1,0,'','http','testing.shippingapis.com','80','/ShippingAPI.dll','http','production.shippingapis.com','80','/ShippingAPI.dll',1);
INSERT INTO CORE_MODULES_SERVICES VALUES(5,1,'fedex','CA',0,'FedEx','/shipping/fedEx.gif',1,1,0,'','https','gatewaybeta.fedex.com','443','/web-services','https','gatewaybeta.fedex.com','443','/web-services',1);
INSERT INTO CORE_MODULES_SERVICES VALUES(6,1,'fedex','US',0,'FedEx','/shipping/fedEx.gif',1,1,0,'','https','gatewaybeta.fedex.com','443','/web-services','https','gatewaybeta.fedex.com','443','/web-services',1);
INSERT INTO CORE_MODULES_SERVICES VALUES(7,1,'fedex','AT',0,'FedEx','/shipping/fedEx.gif',1,1,0,'','https','gatewaybeta.fedex.com','443','/web-services','https','gatewaybeta.fedex.com','443','/web-services',1);
INSERT INTO CORE_MODULES_SERVICES VALUES(8,1,'fedex','BE',0,'FedEx','/shipping/fedEx.gif',1,1,0,'','https','gatewaybeta.fedex.com','443','/web-services','https','gatewaybeta.fedex.com','443','/web-services',1);
INSERT INTO CORE_MODULES_SERVICES VALUES(9,1,'fedex','BI',0,'FedEx','/shipping/fedEx.gif',1,1,0,'','https','gatewaybeta.fedex.com','443','/web-services','https','gatewaybeta.fedex.com','443','/web-services',1);
INSERT INTO CORE_MODULES_SERVICES VALUES(10,1,'fedex','CZ',0,'FedEx','/shipping/fedEx.gif',1,1,0,'','https','gatewaybeta.fedex.com','443','/web-services','https','gatewaybeta.fedex.com','443','/web-services',1);
INSERT INTO CORE_MODULES_SERVICES VALUES(11,1,'fedex','DK',0,'FedEx','/shipping/fedEx.gif',1,1,0,'','https','gatewaybeta.fedex.com','443','/web-services','https','gatewaybeta.fedex.com','443','/web-services',1);
INSERT INTO CORE_MODULES_SERVICES VALUES(12,1,'fedex','EE',0,'FedEx','/shipping/fedEx.gif',1,1,0,'','https','gatewaybeta.fedex.com','443','/web-services','https','gatewaybeta.fedex.com','443','/web-services',1);
INSERT INTO CORE_MODULES_SERVICES VALUES(13,1,'fedex','FI',0,'FedEx','/shipping/fedEx.gif',1,1,0,'','https','gatewaybeta.fedex.com','443','/web-services','https','gatewaybeta.fedex.com','443','/web-services',1);
INSERT INTO CORE_MODULES_SERVICES VALUES(14,1,'fedex','FR',0,'FedEx','/shipping/fedEx.gif',1,1,0,'','https','gatewaybeta.fedex.com','443','/web-services','https','gatewaybeta.fedex.com','443','/web-services',1);
INSERT INTO CORE_MODULES_SERVICES VALUES(15,1,'fedex','DE',0,'FedEx','/shipping/fedEx.gif',1,1,0,'','https','gatewaybeta.fedex.com','443','/web-services','https','gatewaybeta.fedex.com','443','/web-services',1);
INSERT INTO CORE_MODULES_SERVICES VALUES(16,1,'fedex','GR',0,'FedEx','/shipping/fedEx.gif',1,1,0,'','https','gatewaybeta.fedex.com','443','/web-services','https','gatewaybeta.fedex.com','443','/web-services',1);
INSERT INTO CORE_MODULES_SERVICES VALUES(17,1,'fedex','HU',0,'FedEx','/shipping/fedEx.gif',1,1,0,'','https','gatewaybeta.fedex.com','443','/web-services','https','gatewaybeta.fedex.com','443','/web-services',1);
INSERT INTO CORE_MODULES_SERVICES VALUES(18,1,'fedex','IE',0,'FedEx','/shipping/fedEx.gif',1,1,0,'','https','gatewaybeta.fedex.com','443','/web-services','https','gatewaybeta.fedex.com','443','/web-services',1);
INSERT INTO CORE_MODULES_SERVICES VALUES(19,1,'fedex','IT',0,'FedEx','/shipping/fedEx.gif',1,1,0,'','https','gatewaybeta.fedex.com','443','/web-services','https','gatewaybeta.fedex.com','443','/web-services',1);
INSERT INTO CORE_MODULES_SERVICES VALUES(20,1,'fedex','LV',0,'FedEx','/shipping/fedEx.gif',1,1,0,'','https','gatewaybeta.fedex.com','443','/web-services','https','gatewaybeta.fedex.com','443','/web-services',1);
INSERT INTO CORE_MODULES_SERVICES VALUES(21,1,'fedex','LT',0,'FedEx','/shipping/fedEx.gif',1,1,0,'','https','gatewaybeta.fedex.com','443','/web-services','https','gatewaybeta.fedex.com','443','/web-services',1);
INSERT INTO CORE_MODULES_SERVICES VALUES(22,1,'fedex','MQ',0,'FedEx','/shipping/fedEx.gif',1,1,0,'','https','gatewaybeta.fedex.com','443','/web-services','https','gatewaybeta.fedex.com','443','/web-services',1);
INSERT INTO CORE_MODULES_SERVICES VALUES(23,1,'fedex','MT',0,'FedEx','/shipping/fedEx.gif',1,1,0,'','https','gatewaybeta.fedex.com','443','/web-services','https','gatewaybeta.fedex.com','443','/web-services',1);
INSERT INTO CORE_MODULES_SERVICES VALUES(24,1,'fedex','NL',0,'FedEx','/shipping/fedEx.gif',1,1,0,'','https','gatewaybeta.fedex.com','443','/web-services','https','gatewaybeta.fedex.com','443','/web-services',1);
INSERT INTO CORE_MODULES_SERVICES VALUES(25,1,'fedex','PL',0,'FedEx','/shipping/fedEx.gif',1,1,0,'','https','gatewaybeta.fedex.com','443','/web-services','https','gatewaybeta.fedex.com','443','/web-services',1);
INSERT INTO CORE_MODULES_SERVICES VALUES(26,1,'fedex','PT',0,'FedEx','/shipping/fedEx.gif',1,1,0,'','https','gatewaybeta.fedex.com','443','/web-services','https','gatewaybeta.fedex.com','443','/web-services',1);
INSERT INTO CORE_MODULES_SERVICES VALUES(27,1,'fedex','RO',0,'FedEx','/shipping/fedEx.gif',1,1,0,'','https','gatewaybeta.fedex.com','443','/web-services','https','gatewaybeta.fedex.com','443','/web-services',1);
INSERT INTO CORE_MODULES_SERVICES VALUES(28,1,'fedex','SK',0,'FedEx','/shipping/fedEx.gif',1,1,0,'','https','gatewaybeta.fedex.com','443','/web-services','https','gatewaybeta.fedex.com','443','/web-services',1);
INSERT INTO CORE_MODULES_SERVICES VALUES(29,1,'fedex','SI',0,'FedEx','/shipping/fedEx.gif',1,1,0,'','https','gatewaybeta.fedex.com','443','/web-services','https','gatewaybeta.fedex.com','443','/web-services',1);
INSERT INTO CORE_MODULES_SERVICES VALUES(30,1,'fedex','ES',0,'FedEx','/shipping/fedEx.gif',1,1,0,'','https','gatewaybeta.fedex.com','443','/web-services','https','gatewaybeta.fedex.com','443','/web-services',1);
INSERT INTO CORE_MODULES_SERVICES VALUES(31,1,'fedex','SE',0,'FedEx','/shipping/fedEx.gif',1,1,0,'','https','gatewaybeta.fedex.com','443','/web-services','https','gatewaybeta.fedex.com','443','/web-services',1);
INSERT INTO CORE_MODULES_SERVICES VALUES(32,1,'fedex','UY',0,'FedEx','/shipping/fedEx.gif',1,1,0,'','https','gatewaybeta.fedex.com','443','/web-services','https','gatewaybeta.fedex.com','443','/web-services',1);
INSERT INTO CORE_MODULES_SERVICES VALUES(33,1,'upsxml','FR',0,'UPS','/shipping/ups.jpg',1,1,0,'','https','wwwcie.ups.com','443','/ups.app/xml/Rate','https','onlinetools.ups.com','443','/xml/Rate',1);
INSERT INTO CORE_MODULES_SERVICES VALUES(34,1,'upsxml','CA',0,'UPS','/shipping/ups.jpg',1,1,0,'','https','wwwcie.ups.com','443','/ups.app/xml/Rate','https','onlinetools.ups.com','443','/xml/Rate',1);
INSERT INTO CORE_MODULES_SERVICES VALUES(35,1,'upsxml','GB',0,'UPS','/shipping/ups.jpg',1,1,0,'','https','wwwcie.ups.com','443','/ups.app/xml/Rate','https','onlinetools.ups.com','443','/xml/Rate',1);
INSERT INTO CORE_MODULES_SERVICES VALUES(36,1,'upsxml','US',0,'UPS','/shipping/ups.jpg',1,1,0,'','https','wwwcie.ups.com','443','/ups.app/xml/Rate','https','onlinetools.ups.com','443','/xml/Rate',1);
INSERT INTO CORE_MODULES_SERVICES VALUES(37,2,'moneyorder','FR',0,'Money Order','/payment/moneyorder.png',1,1,0,'','','','','','','','','',1);
INSERT INTO CORE_MODULES_SERVICES VALUES(38,2,'moneyorder','CA',0,'Money Order','/payment/moneyorder.png',1,1,0,'','','','','','','','','',1);
INSERT INTO CORE_MODULES_SERVICES VALUES(39,2,'moneyorder','GB',0,'Money Order','/payment/moneyorder.png',1,1,0,'','','','','','','','','',1);
INSERT INTO CORE_MODULES_SERVICES VALUES(40,2,'moneyorder','US',0,'Money Order','/payment/moneyorder.png',1,1,0,'','','','','','','','','',1);
INSERT INTO CORE_MODULES_SERVICES VALUES(41,2,'cod','FR',0,'Collect on Delivery','',1,1,0,'','','','','','','','','',1);
INSERT INTO CORE_MODULES_SERVICES VALUES(42,2,'cod','CA',0,'Collect on Delivery','',1,1,0,'','','','','','','','','',1);
INSERT INTO CORE_MODULES_SERVICES VALUES(43,2,'cod','GB',0,'Collect on Delivery','',1,1,0,'','','','','','','','','',1);
INSERT INTO CORE_MODULES_SERVICES VALUES(44,2,'cod','US',0,'Collect on Delivery','',1,1,0,'','','','','','','','','',1);
INSERT INTO CORE_MODULES_SERVICES VALUES(45,2,'paypal','FR',0,'Paypal','/payment/icon-paypal.png',1,1,0,'','https','www.sandbox.paypal.com','443','/webscr','https','www.paypal.com','443','/cgi-bin/webscr',1);
INSERT INTO CORE_MODULES_SERVICES VALUES(46,2,'paypal','CA',0,'Paypal','/payment/icon-paypal.png',1,1,0,'','https','www.sandbox.paypal.com','443','/webscr','https','www.paypal.com','443','/cgi-bin/webscr',1);
INSERT INTO CORE_MODULES_SERVICES VALUES(47,2,'paypal','GB',0,'Paypal','/payment/icon-paypal.png',1,1,0,'','https','www.sandbox.paypal.com','443','/webscr','https','www.paypal.com','443','/cgi-bin/webscr',1);
INSERT INTO CORE_MODULES_SERVICES VALUES(48,2,'paypal','US',0,'Paypal','/payment/icon-paypal.png',1,1,0,'','https','www.sandbox.paypal.com','443','/webscr','https','www.paypal.com','443','/cgi-bin/webscr',1);
INSERT INTO CORE_MODULES_SERVICES VALUES(49,2,'linkpoint','US',1,'LinkPoint','<a href="http://www.linkpoint.com"><img src="http://www.linkpoint.com/viewcart/images/paymentbylinkpointlogo.gif" border="0" width="155" height="54" alt="Payments processed via the LinkPoint Secure Payment Gateway. Click for more information."></a>',1,0,0,'','https','staging.linkpt.net','1129','staging.linkpt.net','https','secure.linkpt.net','1129','',1);
INSERT INTO CORE_MODULES_SERVICES VALUES(50,2,'payflowpro','FR',1,'Payflow Pro Paypal','',1,0,0,'','','','','','','','','',1);
INSERT INTO CORE_MODULES_SERVICES VALUES(51,2,'payflowpro','CA',1,'Payflow Pro Paypal','',1,0,0,'','','','','','','','','',1);
INSERT INTO CORE_MODULES_SERVICES VALUES(52,2,'payflowpro','GB',1,'Payflow Pro Paypal','',1,0,0,'','','','','','','','','',1);
INSERT INTO CORE_MODULES_SERVICES VALUES(53,2,'payflowpro','US',1,'Payflow Pro Paypal','',1,0,0,'','','','','','','','','',1);
INSERT INTO CORE_MODULES_SERVICES VALUES(54,2,'moneris','CA',1,'Moneris','',1,1,0,'','https','esqa.moneris.com','443','','https','esqa.moneris.com','443','',1);
INSERT INTO CORE_MODULES_SERVICES VALUES(55,2,'moneris','US',1,'Moneris','',1,1,0,'','https','esqa.moneris.com','443','','https','esqa.moneris.com','443','',1);
INSERT INTO CORE_MODULES_SERVICES VALUES(56,2,'psigate','CA',1,'PSiGate','',1,1,0,'','https','dev.psigate.com','7989','/Messenger/XMLMessenger','https','secure.psigate.com','7934','/Messenger/XMLMessenger',1);
INSERT INTO CORE_MODULES_SERVICES VALUES(57,2,'psigate','US',1,'PSiGate','',1,1,0,'','https','dev.psigate.com','7989','/Messenger/XMLMessenger','https','secure.psigate.com','7934','/Messenger/XMLMessenger',1);
INSERT INTO CORE_MODULES_SERVICES VALUES(58,2,'worldpay','FR',1,'WorldPay','',1,0,0,'','','','','','','','','',1);
INSERT INTO CORE_MODULES_SERVICES VALUES(59,2,'worldpay','CA',1,'WorldPay','',1,0,0,'','','','','','','','','',1);
INSERT INTO CORE_MODULES_SERVICES VALUES(60,2,'worldpay','GB',1,'WorldPay','',1,0,0,'','','','','','','','','',1);
INSERT INTO CORE_MODULES_SERVICES VALUES(61,2,'worldpay','US',1,'WorldPay','',1,0,0,'','','','','','','','','',1);
INSERT INTO CORE_MODULES_SERVICES VALUES(62,2,'authorizenet','US',1,'AuthorizeNet','/payment/authorizenet_logo.gif',1,1,0,'','https','test.authorize.net','443','/gateway/transact.dll','https','secure.authorize.net','443','/gateway/transact.dll',1);
INSERT INTO CORE_MODULES_SERVICES VALUES(63,2,'cc','FR',1,'Offline Credit Card Processing','',1,0,0,'','','','','','','','','',1);
INSERT INTO CORE_MODULES_SERVICES VALUES(64,2,'cc','CA',1,'Offline Credit Card Processing','',1,0,0,'','','','','','','','','',1);
INSERT INTO CORE_MODULES_SERVICES VALUES(65,2,'cc','GB',1,'Offline Credit Card Processing','',1,0,0,'','','','','','','','','',1);
INSERT INTO CORE_MODULES_SERVICES VALUES(66,2,'cc','US',1,'Offline Credit Card Processing','',1,0,0,'','','','','','','','','',1);
INSERT INTO CORE_MODULES_SERVICES VALUES(67,1,'upsxml-address','FR',2,'Shipping Address Validation','',1,0,0,'','https','wwwcie.ups.com','443','/ups.app/xml/AV','https','onlinetools.ups.com','443','/ups.app/xml/AV',1);
INSERT INTO CORE_MODULES_SERVICES VALUES(68,1,'upsxml-address','CA',2,'Shipping Address Validation','',1,0,0,'','https','wwwcie.ups.com','443','/ups.app/xml/AV','https','onlinetools.ups.com','443','/ups.app/xml/AV',1);
INSERT INTO CORE_MODULES_SERVICES VALUES(69,1,'upsxml-address','GB',2,'Shipping Address Validation','',1,0,0,'','https','wwwcie.ups.com','443','/ups.app/xml/AV','https','onlinetools.ups.com','443','/ups.app/xml/AV',1);
INSERT INTO CORE_MODULES_SERVICES VALUES(70,1,'upsxml-address','US',2,'Shipping Address Validation','',1,0,0,'','https','wwwcie.ups.com','443','/ups.app/xml/AV','https','onlinetools.ups.com','443','/ups.app/xml/AV',1);
INSERT INTO CORE_MODULES_SERVICES VALUES(71,4,'onetime-price','XX',1,'One time fees','',1,0,0,'','','','','','','','','',0);
INSERT INTO CORE_MODULES_SERVICES VALUES(72,4,'monthly-price','XX',2,'Monthly fees','',1,0,0,'','','','','','','','','',0);
INSERT INTO CORE_MODULES_SERVICES VALUES(73,1,'packing-item','XX',1,'Shipping item','',1,0,0,'','','','','','','','','',0);
INSERT INTO CORE_MODULES_SERVICES VALUES(74,1,'packing-box','XX',1,'Shipping item in box','',1,0,0,'','','','','','','','','',0);
INSERT INTO CORE_MODULES_SERVICES VALUES(77,20,'searchportlet','XX',2,'Store Front Search products portlet','',1,0,0,'','','','','','','','','',0);
INSERT INTO CORE_MODULES_SERVICES VALUES(78,20,'minicartportlet','XX',1,'Store Front  Mini shopping cart portlet','',5,0,0,'','','','','','','','','',0);
INSERT INTO CORE_MODULES_SERVICES VALUES(80,20,'acceptedpaymentsportlet','XX',1,'Store Front  Payment methods portlet','',15,0,0,'','','','','','','','','',0);
INSERT INTO CORE_MODULES_SERVICES VALUES(81,20,'logonportlet','XX',2,'Store Front Logon portlet','',20,0,0,'','','','','','','','','',0);
INSERT INTO CORE_MODULES_SERVICES VALUES(82,20,'shippingportlet','XX',1,'Shipping informations portlet','',20,0,0,'','','','','','','','','',0);
INSERT INTO CORE_MODULES_SERVICES VALUES(83,2,'beanstream','CA',1,'Beanstream','/payment/beanstream.gif',1,1,0,'','https','www.beanstream.com','443','/scripts/process_transaction.asp','https','www.beanstream.com','443','/scripts/process_transaction.asp',1);
INSERT INTO CORE_MODULES_SERVICES VALUES(84,2,'beanstream','US',1,'Beanstream','/payment/beanstream.gif',1,1,0,'','https','www.beanstream.com','443','/scripts/process_transaction.asp','https','www.beanstream.com','443','/scripts/process_transaction.asp',1);

--
-- Dumping data for table 'CENTRAL_MEASURE_UNITS'
--

INSERT INTO CENTRAL_MEASURE_UNITS VALUES(1, 1, 'KG', '2010-01-01 00:00:00');
INSERT INTO CENTRAL_MEASURE_UNITS VALUES(2, 1, 'LB', '2010-01-01 00:00:00');
INSERT INTO CENTRAL_MEASURE_UNITS VALUES(3, 2, 'CM', '2010-01-01 00:00:00');
INSERT INTO CENTRAL_MEASURE_UNITS VALUES(4, 2, 'IN', '2010-01-01 00:00:00');


--
-- Dumping data for table 'central_sequencer'
--

INSERT INTO CENTRAL_SEQUENCER VALUES(1, 10, 10, 10, 10, 10, 10, 10, 10, 10, 10, 20, 10, 10, 10, 10, 10, 10, 10, 10, 10, 10, 10, 10, 10, 20, 10, 10, 10, 2, 10, 10, 10, 10, 10, 10, 10, 10, 10);



--
-- Dumping data for table 'COUNTRIES'
--

INSERT INTO COUNTRIES VALUES(1,'AF','AFG','',1,0);
INSERT INTO COUNTRIES VALUES(2,'AL','ALB','',1,0);
INSERT INTO COUNTRIES VALUES(3,'DZ','DZA','',1,0);
INSERT INTO COUNTRIES VALUES(4,'AS','ASM','',1,0);
INSERT INTO COUNTRIES VALUES(5,'AD','AND','',1,0);
INSERT INTO COUNTRIES VALUES(6,'AO','AGO','',1,0);
INSERT INTO COUNTRIES VALUES(7,'AI','AIA','',1,0);
INSERT INTO COUNTRIES VALUES(8,'AQ','ATA','',1,0);
INSERT INTO COUNTRIES VALUES(9,'AG','ATG','',1,0);
INSERT INTO COUNTRIES VALUES(10,'AR','ARG','',1,0);
INSERT INTO COUNTRIES VALUES(11,'AM','ARM','',1,0);
INSERT INTO COUNTRIES VALUES(12,'AW','ABW','',1,0);
INSERT INTO COUNTRIES VALUES(13,'AU','AUS','',1,1);
INSERT INTO COUNTRIES VALUES(14,'AT','AUT','EUR',5,0);
INSERT INTO COUNTRIES VALUES(15,'AZ','AZE','',1,0);
INSERT INTO COUNTRIES VALUES(16,'BS','BHS','',1,0);
INSERT INTO COUNTRIES VALUES(17,'BH','BHR','',1,0);
INSERT INTO COUNTRIES VALUES(18,'BD','BGD','',1,0);
INSERT INTO COUNTRIES VALUES(19,'BB','BRB','',1,0);
INSERT INTO COUNTRIES VALUES(20,'BY','BLR','',1,0);
INSERT INTO COUNTRIES VALUES(21,'BE','BEL','EUR',1,0);
INSERT INTO COUNTRIES VALUES(22,'BZ','BLZ','',1,0);
INSERT INTO COUNTRIES VALUES(23,'BJ','BEN','',1,0);
INSERT INTO COUNTRIES VALUES(24,'BM','BMU','',1,0);
INSERT INTO COUNTRIES VALUES(25,'BT','BTN','',1,0);
INSERT INTO COUNTRIES VALUES(26,'BO','BOL','',1,0);
INSERT INTO COUNTRIES VALUES(27,'BA','BIH','',1,0);
INSERT INTO COUNTRIES VALUES(28,'BW','BWA','',1,0);
INSERT INTO COUNTRIES VALUES(29,'BV','BVT','',1,0);
INSERT INTO COUNTRIES VALUES(30,'BR','BRA','',1,0);
INSERT INTO COUNTRIES VALUES(31,'IO','IOT','',1,0);
INSERT INTO COUNTRIES VALUES(32,'BN','BRN','',1,0);
INSERT INTO COUNTRIES VALUES(33,'BG','BGR','EUR',1,0);
INSERT INTO COUNTRIES VALUES(34,'BF','BFA','',1,0);
INSERT INTO COUNTRIES VALUES(35,'BI','BDI','',1,0);
INSERT INTO COUNTRIES VALUES(36,'KH','KHM','',1,0);
INSERT INTO COUNTRIES VALUES(37,'CM','CMR','',1,0);
INSERT INTO COUNTRIES VALUES(38,'CA','CAN','',1,1);
INSERT INTO COUNTRIES VALUES(39,'CV','CPV','',1,0);
INSERT INTO COUNTRIES VALUES(40,'KY','CYM','',1,0);
INSERT INTO COUNTRIES VALUES(41,'CF','CAF','',1,0);
INSERT INTO COUNTRIES VALUES(42,'TD','TCD','',1,0);
INSERT INTO COUNTRIES VALUES(43,'CL','CHL','',1,0);
INSERT INTO COUNTRIES VALUES(44,'CN','CHN','',1,0);
INSERT INTO COUNTRIES VALUES(45,'CX','CXR','',1,0);
INSERT INTO COUNTRIES VALUES(46,'CC','CCK','',1,0);
INSERT INTO COUNTRIES VALUES(47,'CO','COL','',1,0);
INSERT INTO COUNTRIES VALUES(48,'KM','COM','',1,0);
INSERT INTO COUNTRIES VALUES(49,'CG','COG','',1,0);
INSERT INTO COUNTRIES VALUES(50,'CK','COK','',1,0);
INSERT INTO COUNTRIES VALUES(51,'CR','CRI','',1,0);
INSERT INTO COUNTRIES VALUES(52,'CI','CIV','',1,0);
INSERT INTO COUNTRIES VALUES(53,'HR','HRV','',1,0);
INSERT INTO COUNTRIES VALUES(54,'CU','CUB','',1,0);
INSERT INTO COUNTRIES VALUES(55,'CY','CYP','EUR',1,0);
INSERT INTO COUNTRIES VALUES(56,'CZ','CZE','EUR',1,0);
INSERT INTO COUNTRIES VALUES(57,'DK','DNK','EUR',1,0);
INSERT INTO COUNTRIES VALUES(58,'DJ','DJI','',1,0);
INSERT INTO COUNTRIES VALUES(59,'DM','DMA','',1,0);
INSERT INTO COUNTRIES VALUES(60,'DO','DOM','',1,0);
INSERT INTO COUNTRIES VALUES(61,'TP','TMP','',1,0);
INSERT INTO COUNTRIES VALUES(62,'EC','ECU','',1,0);
INSERT INTO COUNTRIES VALUES(63,'EG','EGY','',1,0);
INSERT INTO COUNTRIES VALUES(64,'SV','SLV','',1,0);
INSERT INTO COUNTRIES VALUES(65,'GQ','GNQ','',1,0);
INSERT INTO COUNTRIES VALUES(66,'ER','ERI','',1,0);
INSERT INTO COUNTRIES VALUES(67,'EE','EST','EUR',1,0);
INSERT INTO COUNTRIES VALUES(68,'ET','ETH','',1,0);
INSERT INTO COUNTRIES VALUES(69,'FK','FLK','',1,0);
INSERT INTO COUNTRIES VALUES(70,'FO','FRO','',1,0);
INSERT INTO COUNTRIES VALUES(71,'FJ','FJI','',1,0);
INSERT INTO COUNTRIES VALUES(72,'FI','FIN','EUR',1,0);
INSERT INTO COUNTRIES VALUES(73,'FR','FRA','EUR',1,1);
INSERT INTO COUNTRIES VALUES(74,'FX','FXX','',1,0);
INSERT INTO COUNTRIES VALUES(75,'GF','GUF','',1,0);
INSERT INTO COUNTRIES VALUES(76,'PF','PYF','',1,0);
INSERT INTO COUNTRIES VALUES(77,'TF','ATF','',1,0);
INSERT INTO COUNTRIES VALUES(78,'GA','GAB','',1,0);
INSERT INTO COUNTRIES VALUES(79,'GM','GMB','',1,0);
INSERT INTO COUNTRIES VALUES(80,'GE','GEO','',1,0);
INSERT INTO COUNTRIES VALUES(81,'DE','DEU','EUR',5,0);
INSERT INTO COUNTRIES VALUES(82,'GH','GHA','',1,0);
INSERT INTO COUNTRIES VALUES(83,'GI','GIB','',1,0);
INSERT INTO COUNTRIES VALUES(84,'GR','GRC','EUR',1,0);
INSERT INTO COUNTRIES VALUES(85,'GL','GRL','',1,0);
INSERT INTO COUNTRIES VALUES(86,'GD','GRD','',1,0);
INSERT INTO COUNTRIES VALUES(87,'GP','GLP','',1,0);
INSERT INTO COUNTRIES VALUES(88,'GU','GUM','',1,0);
INSERT INTO COUNTRIES VALUES(89,'GT','GTM','',1,0);
INSERT INTO COUNTRIES VALUES(90,'GN','GIN','',1,0);
INSERT INTO COUNTRIES VALUES(91,'GW','GNB','',1,0);
INSERT INTO COUNTRIES VALUES(92,'GY','GUY','',1,0);
INSERT INTO COUNTRIES VALUES(93,'HT','HTI','',1,0);
INSERT INTO COUNTRIES VALUES(94,'HM','HMD','',1,0);
INSERT INTO COUNTRIES VALUES(95,'HN','HND','',1,0);
INSERT INTO COUNTRIES VALUES(96,'HK','HKG','',1,0);
INSERT INTO COUNTRIES VALUES(97,'HU','HUN','EUR',1,0);
INSERT INTO COUNTRIES VALUES(98,'IS','ISL','',1,0);
INSERT INTO COUNTRIES VALUES(99,'IN','IND','',1,0);
INSERT INTO COUNTRIES VALUES(100,'ID','IDN','',1,0);
INSERT INTO COUNTRIES VALUES(101,'IR','IRN','',1,0);
INSERT INTO COUNTRIES VALUES(102,'IQ','IRQ','',1,0);
INSERT INTO COUNTRIES VALUES(103,'IE','IRL','EUR',1,0);
INSERT INTO COUNTRIES VALUES(104,'IL','ISR','',1,0);
INSERT INTO COUNTRIES VALUES(105,'IT','ITA','EUR',1,0);
INSERT INTO COUNTRIES VALUES(106,'JM','JAM','',1,0);
INSERT INTO COUNTRIES VALUES(107,'JP','JPN','',1,1);
INSERT INTO COUNTRIES VALUES(108,'JO','JOR','',1,0);
INSERT INTO COUNTRIES VALUES(109,'KZ','KAZ','',1,0);
INSERT INTO COUNTRIES VALUES(110,'KE','KEN','',1,0);
INSERT INTO COUNTRIES VALUES(111,'KI','KIR','',1,0);
INSERT INTO COUNTRIES VALUES(112,'KP','PRK','',1,0);
INSERT INTO COUNTRIES VALUES(113,'KR','KOR','',1,0);
INSERT INTO COUNTRIES VALUES(114,'KW','KWT','',1,0);
INSERT INTO COUNTRIES VALUES(115,'KG','KGZ','',1,0);
INSERT INTO COUNTRIES VALUES(116,'LA','LAO','',1,0);
INSERT INTO COUNTRIES VALUES(117,'LV','LVA','EUR',1,0);
INSERT INTO COUNTRIES VALUES(118,'LB','LBN','',1,0);
INSERT INTO COUNTRIES VALUES(119,'LS','LSO','',1,0);
INSERT INTO COUNTRIES VALUES(120,'LR','LBR','',1,0);
INSERT INTO COUNTRIES VALUES(121,'LY','LBY','',1,0);
INSERT INTO COUNTRIES VALUES(122,'LI','LIE','',1,0);
INSERT INTO COUNTRIES VALUES(123,'LT','LTU','EUR',1,0);
INSERT INTO COUNTRIES VALUES(124,'LU','LUX','',1,0);
INSERT INTO COUNTRIES VALUES(125,'MO','MAC','',1,0);
INSERT INTO COUNTRIES VALUES(126,'MK','MKD','',1,0);
INSERT INTO COUNTRIES VALUES(127,'MG','MDG','',1,0);
INSERT INTO COUNTRIES VALUES(128,'MW','MWI','',1,0);
INSERT INTO COUNTRIES VALUES(129,'MY','MYS','',1,0);
INSERT INTO COUNTRIES VALUES(130,'MV','MDV','',1,0);
INSERT INTO COUNTRIES VALUES(131,'ML','MLI','',1,0);
INSERT INTO COUNTRIES VALUES(132,'MT','MLT','EUR',1,0);
INSERT INTO COUNTRIES VALUES(133,'MH','MHL','',1,0);
INSERT INTO COUNTRIES VALUES(134,'MQ','MTQ','EUR',1,0);
INSERT INTO COUNTRIES VALUES(135,'MR','MRT','',1,0);
INSERT INTO COUNTRIES VALUES(136,'MU','MUS','',1,0);
INSERT INTO COUNTRIES VALUES(137,'YT','MYT','',1,0);
INSERT INTO COUNTRIES VALUES(138,'MX','MEX','',1,0);
INSERT INTO COUNTRIES VALUES(139,'FM','FSM','',1,0);
INSERT INTO COUNTRIES VALUES(140,'MD','MDA','',1,0);
INSERT INTO COUNTRIES VALUES(141,'MC','MCO','',1,0);
INSERT INTO COUNTRIES VALUES(142,'MN','MNG','',1,0);
INSERT INTO COUNTRIES VALUES(143,'MS','MSR','',1,0);
INSERT INTO COUNTRIES VALUES(144,'MA','MAR','',1,0);
INSERT INTO COUNTRIES VALUES(145,'MZ','MOZ','',1,0);
INSERT INTO COUNTRIES VALUES(146,'MM','MMR','',1,0);
INSERT INTO COUNTRIES VALUES(147,'NA','NAM','',1,0);
INSERT INTO COUNTRIES VALUES(148,'NR','NRU','',1,0);
INSERT INTO COUNTRIES VALUES(149,'NP','NPL','',1,0);
INSERT INTO COUNTRIES VALUES(150,'NL','NLD','EUR',1,0);
INSERT INTO COUNTRIES VALUES(151,'AN','ANT','',1,0);
INSERT INTO COUNTRIES VALUES(152,'NC','NCL','',1,0);
INSERT INTO COUNTRIES VALUES(153,'NZ','NZL','',1,0);
INSERT INTO COUNTRIES VALUES(154,'NI','NIC','',1,0);
INSERT INTO COUNTRIES VALUES(155,'NE','NER','',1,0);
INSERT INTO COUNTRIES VALUES(156,'NG','NGA','',1,0);
INSERT INTO COUNTRIES VALUES(157,'NU','NIU','',1,0);
INSERT INTO COUNTRIES VALUES(158,'NF','NFK','',1,0);
INSERT INTO COUNTRIES VALUES(159,'MP','MNP','',1,0);
INSERT INTO COUNTRIES VALUES(160,'NO','NOR','',1,0);
INSERT INTO COUNTRIES VALUES(161,'OM','OMN','',1,0);
INSERT INTO COUNTRIES VALUES(162,'PK','PAK','',1,0);
INSERT INTO COUNTRIES VALUES(163,'PW','PLW','',1,0);
INSERT INTO COUNTRIES VALUES(164,'PA','PAN','',1,0);
INSERT INTO COUNTRIES VALUES(165,'PG','PNG','',1,0);
INSERT INTO COUNTRIES VALUES(166,'PY','PRY','',1,0);
INSERT INTO COUNTRIES VALUES(167,'PE','PER','',1,0);
INSERT INTO COUNTRIES VALUES(168,'PH','PHL','',1,0);
INSERT INTO COUNTRIES VALUES(169,'PN','PCN','',1,0);
INSERT INTO COUNTRIES VALUES(170,'PL','POL','',1,0);
INSERT INTO COUNTRIES VALUES(171,'PT','PRT','EUR',1,0);
INSERT INTO COUNTRIES VALUES(172,'PR','PRI','',1,0);
INSERT INTO COUNTRIES VALUES(173,'QA','QAT','',1,0);
INSERT INTO COUNTRIES VALUES(174,'RE','REU','',1,0);
INSERT INTO COUNTRIES VALUES(175,'RO','ROM','EUR',1,0);
INSERT INTO COUNTRIES VALUES(176,'RU','RUS','',1,0);
INSERT INTO COUNTRIES VALUES(177,'RW','RWA','',1,0);
INSERT INTO COUNTRIES VALUES(178,'KN','KNA','',1,0);
INSERT INTO COUNTRIES VALUES(179,'LC','LCA','',1,0);
INSERT INTO COUNTRIES VALUES(180,'VC','VCT','',1,0);
INSERT INTO COUNTRIES VALUES(181,'WS','WSM','',1,0);
INSERT INTO COUNTRIES VALUES(182,'SM','SMR','',1,0);
INSERT INTO COUNTRIES VALUES(183,'ST','STP','',1,0);
INSERT INTO COUNTRIES VALUES(184,'SA','SAU','',1,0);
INSERT INTO COUNTRIES VALUES(185,'SN','SEN','',1,0);
INSERT INTO COUNTRIES VALUES(186,'SC','SYC','',1,0);
INSERT INTO COUNTRIES VALUES(187,'SL','SLE','',1,0);
INSERT INTO COUNTRIES VALUES(188,'SG','SGP','',4,0);
INSERT INTO COUNTRIES VALUES(189,'SK','SVK','EUR',1,0);
INSERT INTO COUNTRIES VALUES(190,'SI','SVN','EUR',1,0);
INSERT INTO COUNTRIES VALUES(191,'SB','SLB','',1,0);
INSERT INTO COUNTRIES VALUES(192,'SO','SOM','',1,0);
INSERT INTO COUNTRIES VALUES(193,'ZA','ZAF','',1,0);
INSERT INTO COUNTRIES VALUES(194,'GS','SGS','',1,0);
INSERT INTO COUNTRIES VALUES(195,'ES','ESP','EUR',3,0);
INSERT INTO COUNTRIES VALUES(196,'LK','LKA','',1,0);
INSERT INTO COUNTRIES VALUES(197,'SH','SHN','',1,0);
INSERT INTO COUNTRIES VALUES(198,'PM','SPM','',1,1);
INSERT INTO COUNTRIES VALUES(199,'SD','SDN','',1,0);
INSERT INTO COUNTRIES VALUES(200,'SR','SUR','',1,0);
INSERT INTO COUNTRIES VALUES(201,'SJ','SJM','',1,0);
INSERT INTO COUNTRIES VALUES(202,'SZ','SWZ','',1,0);
INSERT INTO COUNTRIES VALUES(203,'SE','SWE','EUR',1,0);
INSERT INTO COUNTRIES VALUES(204,'CH','CHE','',1,0);
INSERT INTO COUNTRIES VALUES(205,'SY','SYR','',1,0);
INSERT INTO COUNTRIES VALUES(206,'TW','TWN','',1,0);
INSERT INTO COUNTRIES VALUES(207,'TJ','TJK','',1,0);
INSERT INTO COUNTRIES VALUES(208,'TZ','TZA','',1,0);
INSERT INTO COUNTRIES VALUES(209,'TH','THA','',1,0);
INSERT INTO COUNTRIES VALUES(210,'TG','TGO','',1,0);
INSERT INTO COUNTRIES VALUES(211,'TK','TKL','',1,0);
INSERT INTO COUNTRIES VALUES(212,'TO','TON','',1,0);
INSERT INTO COUNTRIES VALUES(213,'TT','TTO','',1,0);
INSERT INTO COUNTRIES VALUES(214,'TN','TUN','',1,0);
INSERT INTO COUNTRIES VALUES(215,'TR','TUR','',1,0);
INSERT INTO COUNTRIES VALUES(216,'TM','TKM','',1,0);
INSERT INTO COUNTRIES VALUES(217,'TC','TCA','',1,0);
INSERT INTO COUNTRIES VALUES(218,'TV','TUV','',1,0);
INSERT INTO COUNTRIES VALUES(219,'UG','UGA','',1,0);
INSERT INTO COUNTRIES VALUES(220,'UA','UKR','',1,0);
INSERT INTO COUNTRIES VALUES(221,'AE','ARE','',1,0);
INSERT INTO COUNTRIES VALUES(222,'GB','GBR','',6,1);
INSERT INTO COUNTRIES VALUES(223,'US','USA','',2,1);
INSERT INTO COUNTRIES VALUES(224,'UM','UMI','',1,1);
INSERT INTO COUNTRIES VALUES(225,'UY','URY','EUR',1,0);
INSERT INTO COUNTRIES VALUES(226,'UZ','UZB','',1,0);
INSERT INTO COUNTRIES VALUES(227,'VU','VUT','',1,0);
INSERT INTO COUNTRIES VALUES(228,'VA','VAT','',1,0);
INSERT INTO COUNTRIES VALUES(229,'VE','VEN','',1,0);
INSERT INTO COUNTRIES VALUES(230,'VN','VNM','',1,0);
INSERT INTO COUNTRIES VALUES(231,'VG','VGB','',1,0);
INSERT INTO COUNTRIES VALUES(232,'VI','VIR','',1,0);
INSERT INTO COUNTRIES VALUES(233,'WF','WLF','',1,0);
INSERT INTO COUNTRIES VALUES(234,'EH','ESH','',1,0);
INSERT INTO COUNTRIES VALUES(235,'YE','YEM','',1,0);
INSERT INTO COUNTRIES VALUES(236,'YU','YUG','',1,0);
INSERT INTO COUNTRIES VALUES(237,'ZR','ZAR','',1,0);
INSERT INTO COUNTRIES VALUES(238,'ZM','ZMB','',1,0);
INSERT INTO COUNTRIES VALUES(239,'ZW','ZWE','',1,0);
INSERT INTO COUNTRIES VALUES(240,'AX','ALA','',1,0);

INSERT INTO COUNTRIES_DESCRIPTION VALUES(1,1,'Afghanistan');
INSERT INTO COUNTRIES_DESCRIPTION VALUES(1,2,'Afghanistan');
INSERT INTO COUNTRIES_DESCRIPTION VALUES(2,1,'Albania');
INSERT INTO COUNTRIES_DESCRIPTION VALUES(2,2,'Albania');
INSERT INTO COUNTRIES_DESCRIPTION VALUES(3,1,'Algeria');
INSERT INTO COUNTRIES_DESCRIPTION VALUES(3,2,'Algeria');
INSERT INTO COUNTRIES_DESCRIPTION VALUES(4,1,'American Samoa');
INSERT INTO COUNTRIES_DESCRIPTION VALUES(4,2,'American Samoa');
INSERT INTO COUNTRIES_DESCRIPTION VALUES(5,1,'Andorra');
INSERT INTO COUNTRIES_DESCRIPTION VALUES(5,2,'Andorra');
INSERT INTO COUNTRIES_DESCRIPTION VALUES(6,1,'Angola');
INSERT INTO COUNTRIES_DESCRIPTION VALUES(6,2,'Angola');
INSERT INTO COUNTRIES_DESCRIPTION VALUES(7,1,'Anguilla');
INSERT INTO COUNTRIES_DESCRIPTION VALUES(7,2,'Anguilla');
INSERT INTO COUNTRIES_DESCRIPTION VALUES(8,1,'Antarctica');
INSERT INTO COUNTRIES_DESCRIPTION VALUES(8,2,'Antarctica');
INSERT INTO COUNTRIES_DESCRIPTION VALUES(9,1,'Antigua and Barbuda');
INSERT INTO COUNTRIES_DESCRIPTION VALUES(9,2,'Antigua and Barbuda');
INSERT INTO COUNTRIES_DESCRIPTION VALUES(10,1,'Argentina');
INSERT INTO COUNTRIES_DESCRIPTION VALUES(10,2,'Argentina');
INSERT INTO COUNTRIES_DESCRIPTION VALUES(11,1,'Armenia');
INSERT INTO COUNTRIES_DESCRIPTION VALUES(11,2,'Armenia');
INSERT INTO COUNTRIES_DESCRIPTION VALUES(12,1,'Aruba');
INSERT INTO COUNTRIES_DESCRIPTION VALUES(12,2,'Aruba');
INSERT INTO COUNTRIES_DESCRIPTION VALUES(13,1,'Australia');
INSERT INTO COUNTRIES_DESCRIPTION VALUES(13,2,'Australia');
INSERT INTO COUNTRIES_DESCRIPTION VALUES(14,1,'Austria');
INSERT INTO COUNTRIES_DESCRIPTION VALUES(14,2,'Austria');
INSERT INTO COUNTRIES_DESCRIPTION VALUES(15,1,'Azerbaijan');
INSERT INTO COUNTRIES_DESCRIPTION VALUES(15,2,'Azerbaijan');
INSERT INTO COUNTRIES_DESCRIPTION VALUES(16,1,'Bahamas');
INSERT INTO COUNTRIES_DESCRIPTION VALUES(16,2,'Bahamas');
INSERT INTO COUNTRIES_DESCRIPTION VALUES(17,1,'Bahrain');
INSERT INTO COUNTRIES_DESCRIPTION VALUES(17,2,'Bahrain');
INSERT INTO COUNTRIES_DESCRIPTION VALUES(18,1,'Bangladesh');
INSERT INTO COUNTRIES_DESCRIPTION VALUES(18,2,'Bangladesh');
INSERT INTO COUNTRIES_DESCRIPTION VALUES(19,1,'Barbados');
INSERT INTO COUNTRIES_DESCRIPTION VALUES(19,2,'Barbados');
INSERT INTO COUNTRIES_DESCRIPTION VALUES(20,1,'Belarus');
INSERT INTO COUNTRIES_DESCRIPTION VALUES(20,2,'Belarus');
INSERT INTO COUNTRIES_DESCRIPTION VALUES(21,1,'Belgium');
INSERT INTO COUNTRIES_DESCRIPTION VALUES(21,2,'Belgium');
INSERT INTO COUNTRIES_DESCRIPTION VALUES(22,1,'Belize');
INSERT INTO COUNTRIES_DESCRIPTION VALUES(22,2,'Belize');
INSERT INTO COUNTRIES_DESCRIPTION VALUES(23,1,'Benin');
INSERT INTO COUNTRIES_DESCRIPTION VALUES(23,2,'Benin');
INSERT INTO COUNTRIES_DESCRIPTION VALUES(24,1,'Bermuda');
INSERT INTO COUNTRIES_DESCRIPTION VALUES(24,2,'Bermuda');
INSERT INTO COUNTRIES_DESCRIPTION VALUES(25,1,'Bhutan');
INSERT INTO COUNTRIES_DESCRIPTION VALUES(25,2,'Bhutan');
INSERT INTO COUNTRIES_DESCRIPTION VALUES(26,1,'Bolivia');
INSERT INTO COUNTRIES_DESCRIPTION VALUES(26,2,'Bolivia');
INSERT INTO COUNTRIES_DESCRIPTION VALUES(27,1,'Bosnia and Herzegowina');
INSERT INTO COUNTRIES_DESCRIPTION VALUES(27,2,'Bosnia and Herzegowina');
INSERT INTO COUNTRIES_DESCRIPTION VALUES(28,1,'Botswana');
INSERT INTO COUNTRIES_DESCRIPTION VALUES(28,2,'Botswana');
INSERT INTO COUNTRIES_DESCRIPTION VALUES(29,1,'Bouvet Island');
INSERT INTO COUNTRIES_DESCRIPTION VALUES(29,2,'Bouvet Island');
INSERT INTO COUNTRIES_DESCRIPTION VALUES(30,1,'Brazil');
INSERT INTO COUNTRIES_DESCRIPTION VALUES(30,2,'Brazil');
INSERT INTO COUNTRIES_DESCRIPTION VALUES(31,1,'British Indian Ocean Territory');
INSERT INTO COUNTRIES_DESCRIPTION VALUES(31,2,'British Indian Ocean Territory');
INSERT INTO COUNTRIES_DESCRIPTION VALUES(32,1,'Brunei Darussalam');
INSERT INTO COUNTRIES_DESCRIPTION VALUES(32,2,'Brunei Darussalam');
INSERT INTO COUNTRIES_DESCRIPTION VALUES(33,1,'Bulgaria');
INSERT INTO COUNTRIES_DESCRIPTION VALUES(33,2,'Bulgaria');
INSERT INTO COUNTRIES_DESCRIPTION VALUES(34,1,'Burkina Faso');
INSERT INTO COUNTRIES_DESCRIPTION VALUES(34,2,'Burkina Faso');
INSERT INTO COUNTRIES_DESCRIPTION VALUES(35,1,'Burundi');
INSERT INTO COUNTRIES_DESCRIPTION VALUES(35,2,'Burundi');
INSERT INTO COUNTRIES_DESCRIPTION VALUES(36,1,'Cambodia');
INSERT INTO COUNTRIES_DESCRIPTION VALUES(36,2,'Cambodia');
INSERT INTO COUNTRIES_DESCRIPTION VALUES(37,1,'Cameroon');
INSERT INTO COUNTRIES_DESCRIPTION VALUES(37,2,'Cameroon');
INSERT INTO COUNTRIES_DESCRIPTION VALUES(38,1,'Canada');
INSERT INTO COUNTRIES_DESCRIPTION VALUES(38,2,'Canada');
INSERT INTO COUNTRIES_DESCRIPTION VALUES(39,1,'Cape Verde');
INSERT INTO COUNTRIES_DESCRIPTION VALUES(39,2,'Cape Verde');
INSERT INTO COUNTRIES_DESCRIPTION VALUES(40,1,'Cayman Islands');
INSERT INTO COUNTRIES_DESCRIPTION VALUES(40,2,'Cayman Islands');
INSERT INTO COUNTRIES_DESCRIPTION VALUES(41,1,'Central African Republic');
INSERT INTO COUNTRIES_DESCRIPTION VALUES(41,2,'Central African Republic');
INSERT INTO COUNTRIES_DESCRIPTION VALUES(42,1,'Chad');
INSERT INTO COUNTRIES_DESCRIPTION VALUES(42,2,'Chad');
INSERT INTO COUNTRIES_DESCRIPTION VALUES(43,1,'Chile');
INSERT INTO COUNTRIES_DESCRIPTION VALUES(43,2,'Chile');
INSERT INTO COUNTRIES_DESCRIPTION VALUES(44,1,'China');
INSERT INTO COUNTRIES_DESCRIPTION VALUES(44,2,'China');
INSERT INTO COUNTRIES_DESCRIPTION VALUES(45,1,'Christmas Island');
INSERT INTO COUNTRIES_DESCRIPTION VALUES(45,2,'Christmas Island');
INSERT INTO COUNTRIES_DESCRIPTION VALUES(46,1,'Cocos (Keeling) Islands');
INSERT INTO COUNTRIES_DESCRIPTION VALUES(46,2,'Cocos (Keeling) Islands');
INSERT INTO COUNTRIES_DESCRIPTION VALUES(47,1,'Colombia');
INSERT INTO COUNTRIES_DESCRIPTION VALUES(47,2,'Colombia');
INSERT INTO COUNTRIES_DESCRIPTION VALUES(48,1,'Comoros');
INSERT INTO COUNTRIES_DESCRIPTION VALUES(48,2,'Comoros');
INSERT INTO COUNTRIES_DESCRIPTION VALUES(49,1,'Congo');
INSERT INTO COUNTRIES_DESCRIPTION VALUES(49,2,'Congo');
INSERT INTO COUNTRIES_DESCRIPTION VALUES(50,1,'Cook Islands');
INSERT INTO COUNTRIES_DESCRIPTION VALUES(50,2,'Cook Islands');
INSERT INTO COUNTRIES_DESCRIPTION VALUES(51,1,'Costa Rica');
INSERT INTO COUNTRIES_DESCRIPTION VALUES(51,2,'Costa Rica');
INSERT INTO COUNTRIES_DESCRIPTION VALUES(52,1,'Cote D''Ivoire');
INSERT INTO COUNTRIES_DESCRIPTION VALUES(52,2,'Cote D''Ivoire');
INSERT INTO COUNTRIES_DESCRIPTION VALUES(53,1,'Croatia');
INSERT INTO COUNTRIES_DESCRIPTION VALUES(53,2,'Croatia');
INSERT INTO COUNTRIES_DESCRIPTION VALUES(54,1,'Cuba');
INSERT INTO COUNTRIES_DESCRIPTION VALUES(54,2,'Cuba');
INSERT INTO COUNTRIES_DESCRIPTION VALUES(55,1,'Cyprus');
INSERT INTO COUNTRIES_DESCRIPTION VALUES(55,2,'Cyprus');
INSERT INTO COUNTRIES_DESCRIPTION VALUES(56,1,'Czech Republic');
INSERT INTO COUNTRIES_DESCRIPTION VALUES(56,2,'Czech Republic');
INSERT INTO COUNTRIES_DESCRIPTION VALUES(57,1,'Denmark');
INSERT INTO COUNTRIES_DESCRIPTION VALUES(57,2,'Denmark');
INSERT INTO COUNTRIES_DESCRIPTION VALUES(58,1,'Djibouti');
INSERT INTO COUNTRIES_DESCRIPTION VALUES(58,2,'Djibouti');
INSERT INTO COUNTRIES_DESCRIPTION VALUES(59,1,'Dominica');
INSERT INTO COUNTRIES_DESCRIPTION VALUES(59,2,'Dominica');
INSERT INTO COUNTRIES_DESCRIPTION VALUES(60,1,'Dominican Republic');
INSERT INTO COUNTRIES_DESCRIPTION VALUES(60,2,'Dominican Republic');
INSERT INTO COUNTRIES_DESCRIPTION VALUES(61,1,'East Timor');
INSERT INTO COUNTRIES_DESCRIPTION VALUES(61,2,'East Timor');
INSERT INTO COUNTRIES_DESCRIPTION VALUES(62,1,'Ecuador');
INSERT INTO COUNTRIES_DESCRIPTION VALUES(62,2,'Ecuador');
INSERT INTO COUNTRIES_DESCRIPTION VALUES(63,1,'Egypt');
INSERT INTO COUNTRIES_DESCRIPTION VALUES(63,2,'Egypt');
INSERT INTO COUNTRIES_DESCRIPTION VALUES(64,1,'El Salvador');
INSERT INTO COUNTRIES_DESCRIPTION VALUES(64,2,'El Salvador');
INSERT INTO COUNTRIES_DESCRIPTION VALUES(65,1,'Equatorial Guinea');
INSERT INTO COUNTRIES_DESCRIPTION VALUES(65,2,'Equatorial Guinea');
INSERT INTO COUNTRIES_DESCRIPTION VALUES(66,1,'Eritrea');
INSERT INTO COUNTRIES_DESCRIPTION VALUES(66,2,'Eritrea');
INSERT INTO COUNTRIES_DESCRIPTION VALUES(67,1,'Estonia');
INSERT INTO COUNTRIES_DESCRIPTION VALUES(67,2,'Estonia');
INSERT INTO COUNTRIES_DESCRIPTION VALUES(68,1,'Ethiopia');
INSERT INTO COUNTRIES_DESCRIPTION VALUES(68,2,'Ethiopia');
INSERT INTO COUNTRIES_DESCRIPTION VALUES(69,1,'Falkland Islands (Malvinas)');
INSERT INTO COUNTRIES_DESCRIPTION VALUES(69,2,'Falkland Islands (Malvinas)');
INSERT INTO COUNTRIES_DESCRIPTION VALUES(70,1,'Faroe Islands');
INSERT INTO COUNTRIES_DESCRIPTION VALUES(70,2,'Faroe Islands');
INSERT INTO COUNTRIES_DESCRIPTION VALUES(71,1,'Fiji');
INSERT INTO COUNTRIES_DESCRIPTION VALUES(71,2,'Fiji');
INSERT INTO COUNTRIES_DESCRIPTION VALUES(72,1,'Finland');
INSERT INTO COUNTRIES_DESCRIPTION VALUES(72,2,'Finland');
INSERT INTO COUNTRIES_DESCRIPTION VALUES(73,1,'France');
INSERT INTO COUNTRIES_DESCRIPTION VALUES(73,2,'France');
INSERT INTO COUNTRIES_DESCRIPTION VALUES(74,1,'France, Metropolitan');
INSERT INTO COUNTRIES_DESCRIPTION VALUES(74,2,'France, Metropolitan');
INSERT INTO COUNTRIES_DESCRIPTION VALUES(75,1,'French Guiana');
INSERT INTO COUNTRIES_DESCRIPTION VALUES(75,2,'French Guiana');
INSERT INTO COUNTRIES_DESCRIPTION VALUES(76,1,'French Polynesia');
INSERT INTO COUNTRIES_DESCRIPTION VALUES(76,2,'French Polynesia');
INSERT INTO COUNTRIES_DESCRIPTION VALUES(77,1,'French Southern Territories');
INSERT INTO COUNTRIES_DESCRIPTION VALUES(77,2,'French Southern Territories');
INSERT INTO COUNTRIES_DESCRIPTION VALUES(78,1,'Gabon');
INSERT INTO COUNTRIES_DESCRIPTION VALUES(78,2,'Gabon');
INSERT INTO COUNTRIES_DESCRIPTION VALUES(79,1,'Gambia');
INSERT INTO COUNTRIES_DESCRIPTION VALUES(79,2,'Gambia');
INSERT INTO COUNTRIES_DESCRIPTION VALUES(80,1,'Georgia');
INSERT INTO COUNTRIES_DESCRIPTION VALUES(80,2,'Georgia');
INSERT INTO COUNTRIES_DESCRIPTION VALUES(81,1,'Germany');
INSERT INTO COUNTRIES_DESCRIPTION VALUES(81,2,'Germany');
INSERT INTO COUNTRIES_DESCRIPTION VALUES(82,1,'Ghana');
INSERT INTO COUNTRIES_DESCRIPTION VALUES(82,2,'Ghana');
INSERT INTO COUNTRIES_DESCRIPTION VALUES(83,1,'Gibraltar');
INSERT INTO COUNTRIES_DESCRIPTION VALUES(83,2,'Gibraltar');
INSERT INTO COUNTRIES_DESCRIPTION VALUES(84,1,'Greece');
INSERT INTO COUNTRIES_DESCRIPTION VALUES(84,2,'Greece');
INSERT INTO COUNTRIES_DESCRIPTION VALUES(85,1,'Greenland');
INSERT INTO COUNTRIES_DESCRIPTION VALUES(85,2,'Greenland');
INSERT INTO COUNTRIES_DESCRIPTION VALUES(86,1,'Grenada');
INSERT INTO COUNTRIES_DESCRIPTION VALUES(86,2,'Grenada');
INSERT INTO COUNTRIES_DESCRIPTION VALUES(87,1,'Guadeloupe');
INSERT INTO COUNTRIES_DESCRIPTION VALUES(87,2,'Guadeloupe');
INSERT INTO COUNTRIES_DESCRIPTION VALUES(88,1,'Guam');
INSERT INTO COUNTRIES_DESCRIPTION VALUES(88,2,'Guam');
INSERT INTO COUNTRIES_DESCRIPTION VALUES(89,1,'Guatemala');
INSERT INTO COUNTRIES_DESCRIPTION VALUES(89,2,'Guatemala');
INSERT INTO COUNTRIES_DESCRIPTION VALUES(90,1,'Guinea');
INSERT INTO COUNTRIES_DESCRIPTION VALUES(90,2,'Guinea');
INSERT INTO COUNTRIES_DESCRIPTION VALUES(91,1,'Guinea-bissau');
INSERT INTO COUNTRIES_DESCRIPTION VALUES(91,2,'Guinea-bissau');
INSERT INTO COUNTRIES_DESCRIPTION VALUES(92,1,'Guyana');
INSERT INTO COUNTRIES_DESCRIPTION VALUES(92,2,'Guyana');
INSERT INTO COUNTRIES_DESCRIPTION VALUES(93,1,'Haiti');
INSERT INTO COUNTRIES_DESCRIPTION VALUES(93,2,'Haiti');
INSERT INTO COUNTRIES_DESCRIPTION VALUES(94,1,'Heard and Mc Donald Islands');
INSERT INTO COUNTRIES_DESCRIPTION VALUES(94,2,'Heard and Mc Donald Islands');
INSERT INTO COUNTRIES_DESCRIPTION VALUES(95,1,'Honduras');
INSERT INTO COUNTRIES_DESCRIPTION VALUES(95,2,'Honduras');
INSERT INTO COUNTRIES_DESCRIPTION VALUES(96,1,'Hong Kong');
INSERT INTO COUNTRIES_DESCRIPTION VALUES(96,2,'Hong Kong');
INSERT INTO COUNTRIES_DESCRIPTION VALUES(97,1,'Hungary');
INSERT INTO COUNTRIES_DESCRIPTION VALUES(97,2,'Hungary');
INSERT INTO COUNTRIES_DESCRIPTION VALUES(98,1,'Iceland');
INSERT INTO COUNTRIES_DESCRIPTION VALUES(98,2,'Iceland');
INSERT INTO COUNTRIES_DESCRIPTION VALUES(99,1,'India');
INSERT INTO COUNTRIES_DESCRIPTION VALUES(99,2,'India');
INSERT INTO COUNTRIES_DESCRIPTION VALUES(100,1,'Indonesia');
INSERT INTO COUNTRIES_DESCRIPTION VALUES(100,2,'Indonesia');
INSERT INTO COUNTRIES_DESCRIPTION VALUES(101,1,'Iran (Islamic Republic of)');
INSERT INTO COUNTRIES_DESCRIPTION VALUES(101,2,'Iran (Islamic Republic of)');
INSERT INTO COUNTRIES_DESCRIPTION VALUES(102,1,'Iraq');
INSERT INTO COUNTRIES_DESCRIPTION VALUES(102,2,'Iraq');
INSERT INTO COUNTRIES_DESCRIPTION VALUES(103,1,'Ireland');
INSERT INTO COUNTRIES_DESCRIPTION VALUES(103,2,'Ireland');
INSERT INTO COUNTRIES_DESCRIPTION VALUES(104,1,'Israel');
INSERT INTO COUNTRIES_DESCRIPTION VALUES(104,2,'Israel');
INSERT INTO COUNTRIES_DESCRIPTION VALUES(105,1,'Italy');
INSERT INTO COUNTRIES_DESCRIPTION VALUES(105,2,'Italy');
INSERT INTO COUNTRIES_DESCRIPTION VALUES(106,1,'Jamaica');
INSERT INTO COUNTRIES_DESCRIPTION VALUES(106,2,'Jamaica');
INSERT INTO COUNTRIES_DESCRIPTION VALUES(107,1,'Japan');
INSERT INTO COUNTRIES_DESCRIPTION VALUES(107,2,'Japan');
INSERT INTO COUNTRIES_DESCRIPTION VALUES(108,1,'Jordan');
INSERT INTO COUNTRIES_DESCRIPTION VALUES(108,2,'Jordan');
INSERT INTO COUNTRIES_DESCRIPTION VALUES(109,1,'Kazakhstan');
INSERT INTO COUNTRIES_DESCRIPTION VALUES(109,2,'Kazakhstan');
INSERT INTO COUNTRIES_DESCRIPTION VALUES(110,1,'Kenya');
INSERT INTO COUNTRIES_DESCRIPTION VALUES(110,2,'Kenya');
INSERT INTO COUNTRIES_DESCRIPTION VALUES(111,1,'Kiribati');
INSERT INTO COUNTRIES_DESCRIPTION VALUES(111,2,'Kiribati');
INSERT INTO COUNTRIES_DESCRIPTION VALUES(112,1,'Korea, Democratic People''s Republic of');
INSERT INTO COUNTRIES_DESCRIPTION VALUES(112,2,'Korea, Democratic People''s Republic of');
INSERT INTO COUNTRIES_DESCRIPTION VALUES(113,1,'Korea, Republic of');
INSERT INTO COUNTRIES_DESCRIPTION VALUES(113,2,'Korea, Republic of');
INSERT INTO COUNTRIES_DESCRIPTION VALUES(114,1,'Kuwait');
INSERT INTO COUNTRIES_DESCRIPTION VALUES(114,2,'Kuwait');
INSERT INTO COUNTRIES_DESCRIPTION VALUES(115,1,'Kyrgyzstan');
INSERT INTO COUNTRIES_DESCRIPTION VALUES(115,2,'Kyrgyzstan');
INSERT INTO COUNTRIES_DESCRIPTION VALUES(116,1,'Lao People''s Democratic Republic');
INSERT INTO COUNTRIES_DESCRIPTION VALUES(116,2,'Lao People''s Democratic Republic');
INSERT INTO COUNTRIES_DESCRIPTION VALUES(117,1,'Latvia');
INSERT INTO COUNTRIES_DESCRIPTION VALUES(117,2,'Latvia');
INSERT INTO COUNTRIES_DESCRIPTION VALUES(118,1,'Lebanon');
INSERT INTO COUNTRIES_DESCRIPTION VALUES(118,2,'Lebanon');
INSERT INTO COUNTRIES_DESCRIPTION VALUES(119,1,'Lesotho');
INSERT INTO COUNTRIES_DESCRIPTION VALUES(119,2,'Lesotho');
INSERT INTO COUNTRIES_DESCRIPTION VALUES(120,1,'Liberia');
INSERT INTO COUNTRIES_DESCRIPTION VALUES(120,2,'Liberia');
INSERT INTO COUNTRIES_DESCRIPTION VALUES(121,1,'Libyan Arab Jamahiriya');
INSERT INTO COUNTRIES_DESCRIPTION VALUES(121,2,'Libyan Arab Jamahiriya');
INSERT INTO COUNTRIES_DESCRIPTION VALUES(122,1,'Liechtenstein');
INSERT INTO COUNTRIES_DESCRIPTION VALUES(122,2,'Liechtenstein');
INSERT INTO COUNTRIES_DESCRIPTION VALUES(123,1,'Lithuania');
INSERT INTO COUNTRIES_DESCRIPTION VALUES(123,2,'Lithuania');
INSERT INTO COUNTRIES_DESCRIPTION VALUES(124,1,'Luxembourg');
INSERT INTO COUNTRIES_DESCRIPTION VALUES(124,2,'Luxembourg');
INSERT INTO COUNTRIES_DESCRIPTION VALUES(125,1,'Macau');
INSERT INTO COUNTRIES_DESCRIPTION VALUES(125,2,'Macau');
INSERT INTO COUNTRIES_DESCRIPTION VALUES(126,1,'Macedonia, The Former Yugoslav Republic of');
INSERT INTO COUNTRIES_DESCRIPTION VALUES(126,2,'Macedonia, The Former Yugoslav Republic of');
INSERT INTO COUNTRIES_DESCRIPTION VALUES(127,1,'Madagascar');
INSERT INTO COUNTRIES_DESCRIPTION VALUES(127,2,'Madagascar');
INSERT INTO COUNTRIES_DESCRIPTION VALUES(128,1,'Malawi');
INSERT INTO COUNTRIES_DESCRIPTION VALUES(128,2,'Malawi');
INSERT INTO COUNTRIES_DESCRIPTION VALUES(129,1,'Malaysia');
INSERT INTO COUNTRIES_DESCRIPTION VALUES(129,2,'Malaysia');
INSERT INTO COUNTRIES_DESCRIPTION VALUES(130,1,'Maldives');
INSERT INTO COUNTRIES_DESCRIPTION VALUES(130,2,'Maldives');
INSERT INTO COUNTRIES_DESCRIPTION VALUES(131,1,'Mali');
INSERT INTO COUNTRIES_DESCRIPTION VALUES(131,2,'Mali');
INSERT INTO COUNTRIES_DESCRIPTION VALUES(132,1,'Malta');
INSERT INTO COUNTRIES_DESCRIPTION VALUES(132,2,'Malta');
INSERT INTO COUNTRIES_DESCRIPTION VALUES(133,1,'Marshall Islands');
INSERT INTO COUNTRIES_DESCRIPTION VALUES(133,2,'Marshall Islands');
INSERT INTO COUNTRIES_DESCRIPTION VALUES(134,1,'Martinique');
INSERT INTO COUNTRIES_DESCRIPTION VALUES(134,2,'Martinique');
INSERT INTO COUNTRIES_DESCRIPTION VALUES(135,1,'Mauritania');
INSERT INTO COUNTRIES_DESCRIPTION VALUES(135,2,'Mauritania');
INSERT INTO COUNTRIES_DESCRIPTION VALUES(136,1,'Mauritius');
INSERT INTO COUNTRIES_DESCRIPTION VALUES(136,2,'Mauritius');
INSERT INTO COUNTRIES_DESCRIPTION VALUES(137,1,'Mayotte');
INSERT INTO COUNTRIES_DESCRIPTION VALUES(137,2,'Mayotte');
INSERT INTO COUNTRIES_DESCRIPTION VALUES(138,1,'Mexico');
INSERT INTO COUNTRIES_DESCRIPTION VALUES(138,2,'Mexico');
INSERT INTO COUNTRIES_DESCRIPTION VALUES(139,1,'Micronesia, Federated States of');
INSERT INTO COUNTRIES_DESCRIPTION VALUES(139,2,'Micronesia, Federated States of');
INSERT INTO COUNTRIES_DESCRIPTION VALUES(140,1,'Moldova, Republic of');
INSERT INTO COUNTRIES_DESCRIPTION VALUES(140,2,'Moldova, Republic of');
INSERT INTO COUNTRIES_DESCRIPTION VALUES(141,1,'Monaco');
INSERT INTO COUNTRIES_DESCRIPTION VALUES(141,2,'Monaco');
INSERT INTO COUNTRIES_DESCRIPTION VALUES(142,1,'Mongolia');
INSERT INTO COUNTRIES_DESCRIPTION VALUES(142,2,'Mongolia');
INSERT INTO COUNTRIES_DESCRIPTION VALUES(143,1,'Montserrat');
INSERT INTO COUNTRIES_DESCRIPTION VALUES(143,2,'Montserrat');
INSERT INTO COUNTRIES_DESCRIPTION VALUES(144,1,'Morocco');
INSERT INTO COUNTRIES_DESCRIPTION VALUES(144,2,'Morocco');
INSERT INTO COUNTRIES_DESCRIPTION VALUES(145,1,'Mozambique');
INSERT INTO COUNTRIES_DESCRIPTION VALUES(145,2,'Mozambique');
INSERT INTO COUNTRIES_DESCRIPTION VALUES(146,1,'Myanmar');
INSERT INTO COUNTRIES_DESCRIPTION VALUES(146,2,'Myanmar');
INSERT INTO COUNTRIES_DESCRIPTION VALUES(147,1,'Namibia');
INSERT INTO COUNTRIES_DESCRIPTION VALUES(147,2,'Namibia');
INSERT INTO COUNTRIES_DESCRIPTION VALUES(148,1,'Nauru');
INSERT INTO COUNTRIES_DESCRIPTION VALUES(148,2,'Nauru');
INSERT INTO COUNTRIES_DESCRIPTION VALUES(149,1,'Nepal');
INSERT INTO COUNTRIES_DESCRIPTION VALUES(149,2,'Nepal');
INSERT INTO COUNTRIES_DESCRIPTION VALUES(150,1,'Netherlands');
INSERT INTO COUNTRIES_DESCRIPTION VALUES(150,2,'Netherlands');
INSERT INTO COUNTRIES_DESCRIPTION VALUES(151,1,'Netherlands Antilles');
INSERT INTO COUNTRIES_DESCRIPTION VALUES(151,2,'Netherlands Antilles');
INSERT INTO COUNTRIES_DESCRIPTION VALUES(152,1,'New Caledonia');
INSERT INTO COUNTRIES_DESCRIPTION VALUES(152,2,'New Caledonia');
INSERT INTO COUNTRIES_DESCRIPTION VALUES(153,1,'New Zealand');
INSERT INTO COUNTRIES_DESCRIPTION VALUES(153,2,'New Zealand');
INSERT INTO COUNTRIES_DESCRIPTION VALUES(154,1,'Nicaragua');
INSERT INTO COUNTRIES_DESCRIPTION VALUES(154,2,'Nicaragua');
INSERT INTO COUNTRIES_DESCRIPTION VALUES(155,1,'Niger');
INSERT INTO COUNTRIES_DESCRIPTION VALUES(155,2,'Niger');
INSERT INTO COUNTRIES_DESCRIPTION VALUES(156,1,'Nigeria');
INSERT INTO COUNTRIES_DESCRIPTION VALUES(156,2,'Nigeria');
INSERT INTO COUNTRIES_DESCRIPTION VALUES(157,1,'Niue');
INSERT INTO COUNTRIES_DESCRIPTION VALUES(157,2,'Niue');
INSERT INTO COUNTRIES_DESCRIPTION VALUES(158,1,'Norfolk Island');
INSERT INTO COUNTRIES_DESCRIPTION VALUES(158,2,'Norfolk Island');
INSERT INTO COUNTRIES_DESCRIPTION VALUES(159,1,'Northern Mariana Islands');
INSERT INTO COUNTRIES_DESCRIPTION VALUES(159,2,'Northern Mariana Islands');
INSERT INTO COUNTRIES_DESCRIPTION VALUES(160,1,'Norway');
INSERT INTO COUNTRIES_DESCRIPTION VALUES(160,2,'Norway');
INSERT INTO COUNTRIES_DESCRIPTION VALUES(161,1,'Oman');
INSERT INTO COUNTRIES_DESCRIPTION VALUES(161,2,'Oman');
INSERT INTO COUNTRIES_DESCRIPTION VALUES(162,1,'Pakistan');
INSERT INTO COUNTRIES_DESCRIPTION VALUES(162,2,'Pakistan');
INSERT INTO COUNTRIES_DESCRIPTION VALUES(163,1,'Palau');
INSERT INTO COUNTRIES_DESCRIPTION VALUES(163,2,'Palau');
INSERT INTO COUNTRIES_DESCRIPTION VALUES(164,1,'Panama');
INSERT INTO COUNTRIES_DESCRIPTION VALUES(164,2,'Panama');
INSERT INTO COUNTRIES_DESCRIPTION VALUES(165,1,'Papua New Guinea');
INSERT INTO COUNTRIES_DESCRIPTION VALUES(165,2,'Papua New Guinea');
INSERT INTO COUNTRIES_DESCRIPTION VALUES(166,1,'Paraguay');
INSERT INTO COUNTRIES_DESCRIPTION VALUES(166,2,'Paraguay');
INSERT INTO COUNTRIES_DESCRIPTION VALUES(167,1,'Peru');
INSERT INTO COUNTRIES_DESCRIPTION VALUES(167,2,'Peru');
INSERT INTO COUNTRIES_DESCRIPTION VALUES(168,1,'Philippines');
INSERT INTO COUNTRIES_DESCRIPTION VALUES(168,2,'Philippines');
INSERT INTO COUNTRIES_DESCRIPTION VALUES(169,1,'Pitcairn');
INSERT INTO COUNTRIES_DESCRIPTION VALUES(169,2,'Pitcairn');
INSERT INTO COUNTRIES_DESCRIPTION VALUES(170,1,'Poland');
INSERT INTO COUNTRIES_DESCRIPTION VALUES(170,2,'Poland');
INSERT INTO COUNTRIES_DESCRIPTION VALUES(171,1,'Portugal');
INSERT INTO COUNTRIES_DESCRIPTION VALUES(171,2,'Portugal');
INSERT INTO COUNTRIES_DESCRIPTION VALUES(172,1,'Puerto Rico');
INSERT INTO COUNTRIES_DESCRIPTION VALUES(172,2,'Puerto Rico');
INSERT INTO COUNTRIES_DESCRIPTION VALUES(173,1,'Qatar');
INSERT INTO COUNTRIES_DESCRIPTION VALUES(173,2,'Qatar');
INSERT INTO COUNTRIES_DESCRIPTION VALUES(174,1,'Reunion');
INSERT INTO COUNTRIES_DESCRIPTION VALUES(174,2,'Reunion');
INSERT INTO COUNTRIES_DESCRIPTION VALUES(175,1,'Romania');
INSERT INTO COUNTRIES_DESCRIPTION VALUES(175,2,'Romania');
INSERT INTO COUNTRIES_DESCRIPTION VALUES(176,1,'Russian Federation');
INSERT INTO COUNTRIES_DESCRIPTION VALUES(176,2,'Russian Federation');
INSERT INTO COUNTRIES_DESCRIPTION VALUES(177,1,'Rwanda');
INSERT INTO COUNTRIES_DESCRIPTION VALUES(177,2,'Rwanda');
INSERT INTO COUNTRIES_DESCRIPTION VALUES(178,1,'Saint Kitts and Nevis');
INSERT INTO COUNTRIES_DESCRIPTION VALUES(178,2,'Saint Kitts and Nevis');
INSERT INTO COUNTRIES_DESCRIPTION VALUES(179,1,'Saint Lucia');
INSERT INTO COUNTRIES_DESCRIPTION VALUES(179,2,'Saint Lucia');
INSERT INTO COUNTRIES_DESCRIPTION VALUES(180,1,'Saint Vincent and the Grenadines');
INSERT INTO COUNTRIES_DESCRIPTION VALUES(180,2,'Saint Vincent and the Grenadines');
INSERT INTO COUNTRIES_DESCRIPTION VALUES(181,1,'Samoa');
INSERT INTO COUNTRIES_DESCRIPTION VALUES(181,2,'Samoa');
INSERT INTO COUNTRIES_DESCRIPTION VALUES(182,1,'San Marino');
INSERT INTO COUNTRIES_DESCRIPTION VALUES(182,2,'San Marino');
INSERT INTO COUNTRIES_DESCRIPTION VALUES(183,1,'Sao Tome and Principe');
INSERT INTO COUNTRIES_DESCRIPTION VALUES(183,2,'Sao Tome and Principe');
INSERT INTO COUNTRIES_DESCRIPTION VALUES(184,1,'Saudi Arabia');
INSERT INTO COUNTRIES_DESCRIPTION VALUES(184,2,'Saudi Arabia');
INSERT INTO COUNTRIES_DESCRIPTION VALUES(185,1,'Senegal');
INSERT INTO COUNTRIES_DESCRIPTION VALUES(185,2,'Senegal');
INSERT INTO COUNTRIES_DESCRIPTION VALUES(186,1,'Seychelles');
INSERT INTO COUNTRIES_DESCRIPTION VALUES(186,2,'Seychelles');
INSERT INTO COUNTRIES_DESCRIPTION VALUES(187,1,'Sierra Leone');
INSERT INTO COUNTRIES_DESCRIPTION VALUES(187,2,'Sierra Leone');
INSERT INTO COUNTRIES_DESCRIPTION VALUES(188,1,'Singapore');
INSERT INTO COUNTRIES_DESCRIPTION VALUES(188,2,'Singapore');
INSERT INTO COUNTRIES_DESCRIPTION VALUES(189,1,'Slovakia (Slovak Republic)');
INSERT INTO COUNTRIES_DESCRIPTION VALUES(189,2,'Slovakia (Slovak Republic)');
INSERT INTO COUNTRIES_DESCRIPTION VALUES(190,1,'Slovenia');
INSERT INTO COUNTRIES_DESCRIPTION VALUES(190,2,'Slovenia');
INSERT INTO COUNTRIES_DESCRIPTION VALUES(191,1,'Solomon Islands');
INSERT INTO COUNTRIES_DESCRIPTION VALUES(191,2,'Solomon Islands');
INSERT INTO COUNTRIES_DESCRIPTION VALUES(192,1,'Somalia');
INSERT INTO COUNTRIES_DESCRIPTION VALUES(192,2,'Somalia');
INSERT INTO COUNTRIES_DESCRIPTION VALUES(193,1,'South Africa');
INSERT INTO COUNTRIES_DESCRIPTION VALUES(193,2,'South Africa');
INSERT INTO COUNTRIES_DESCRIPTION VALUES(194,1,'South Georgia and the South Sandwich Islands');
INSERT INTO COUNTRIES_DESCRIPTION VALUES(194,2,'South Georgia and the South Sandwich Islands');
INSERT INTO COUNTRIES_DESCRIPTION VALUES(195,1,'Spain');
INSERT INTO COUNTRIES_DESCRIPTION VALUES(195,2,'Spain');
INSERT INTO COUNTRIES_DESCRIPTION VALUES(196,1,'Sri Lanka');
INSERT INTO COUNTRIES_DESCRIPTION VALUES(196,2,'Sri Lanka');
INSERT INTO COUNTRIES_DESCRIPTION VALUES(197,1,'St. Helena');
INSERT INTO COUNTRIES_DESCRIPTION VALUES(197,2,'St. Helena');
INSERT INTO COUNTRIES_DESCRIPTION VALUES(198,1,'St. Pierre and Miquelon');
INSERT INTO COUNTRIES_DESCRIPTION VALUES(198,2,'St. Pierre and Miquelon');
INSERT INTO COUNTRIES_DESCRIPTION VALUES(199,1,'Sudan');
INSERT INTO COUNTRIES_DESCRIPTION VALUES(199,2,'Sudan');
INSERT INTO COUNTRIES_DESCRIPTION VALUES(200,1,'Suriname');
INSERT INTO COUNTRIES_DESCRIPTION VALUES(200,2,'Suriname');
INSERT INTO COUNTRIES_DESCRIPTION VALUES(201,1,'Svalbard and Jan Mayen Islands');
INSERT INTO COUNTRIES_DESCRIPTION VALUES(201,2,'Svalbard and Jan Mayen Islands');
INSERT INTO COUNTRIES_DESCRIPTION VALUES(202,1,'Swaziland');
INSERT INTO COUNTRIES_DESCRIPTION VALUES(202,2,'Swaziland');
INSERT INTO COUNTRIES_DESCRIPTION VALUES(203,1,'Sweden');
INSERT INTO COUNTRIES_DESCRIPTION VALUES(203,2,'Sweden');
INSERT INTO COUNTRIES_DESCRIPTION VALUES(204,1,'Switzerland');
INSERT INTO COUNTRIES_DESCRIPTION VALUES(204,2,'Switzerland');
INSERT INTO COUNTRIES_DESCRIPTION VALUES(205,1,'Syrian Arab Republic');
INSERT INTO COUNTRIES_DESCRIPTION VALUES(205,2,'Syrian Arab Republic');
INSERT INTO COUNTRIES_DESCRIPTION VALUES(206,1,'Taiwan');
INSERT INTO COUNTRIES_DESCRIPTION VALUES(206,2,'Taiwan');
INSERT INTO COUNTRIES_DESCRIPTION VALUES(207,1,'Tajikistan');
INSERT INTO COUNTRIES_DESCRIPTION VALUES(207,2,'Tajikistan');
INSERT INTO COUNTRIES_DESCRIPTION VALUES(208,1,'Tanzania, United Republic of');
INSERT INTO COUNTRIES_DESCRIPTION VALUES(208,2,'Tanzania, United Republic of');
INSERT INTO COUNTRIES_DESCRIPTION VALUES(209,1,'Thailand');
INSERT INTO COUNTRIES_DESCRIPTION VALUES(209,2,'Thailand');
INSERT INTO COUNTRIES_DESCRIPTION VALUES(210,1,'Togo');
INSERT INTO COUNTRIES_DESCRIPTION VALUES(210,2,'Togo');
INSERT INTO COUNTRIES_DESCRIPTION VALUES(211,1,'Tokelau');
INSERT INTO COUNTRIES_DESCRIPTION VALUES(211,2,'Tokelau');
INSERT INTO COUNTRIES_DESCRIPTION VALUES(212,1,'Tonga');
INSERT INTO COUNTRIES_DESCRIPTION VALUES(212,2,'Tonga');
INSERT INTO COUNTRIES_DESCRIPTION VALUES(213,1,'Trinidad and Tobago');
INSERT INTO COUNTRIES_DESCRIPTION VALUES(213,2,'Trinidad and Tobago');
INSERT INTO COUNTRIES_DESCRIPTION VALUES(214,1,'Tunisia');
INSERT INTO COUNTRIES_DESCRIPTION VALUES(214,2,'Tunisia');
INSERT INTO COUNTRIES_DESCRIPTION VALUES(215,1,'Turkey');
INSERT INTO COUNTRIES_DESCRIPTION VALUES(215,2,'Turkey');
INSERT INTO COUNTRIES_DESCRIPTION VALUES(216,1,'Turkmenistan');
INSERT INTO COUNTRIES_DESCRIPTION VALUES(216,2,'Turkmenistan');
INSERT INTO COUNTRIES_DESCRIPTION VALUES(217,1,'Turks and Caicos Islands');
INSERT INTO COUNTRIES_DESCRIPTION VALUES(217,2,'Turks and Caicos Islands');
INSERT INTO COUNTRIES_DESCRIPTION VALUES(218,1,'Tuvalu');
INSERT INTO COUNTRIES_DESCRIPTION VALUES(218,2,'Tuvalu');
INSERT INTO COUNTRIES_DESCRIPTION VALUES(219,1,'Uganda');
INSERT INTO COUNTRIES_DESCRIPTION VALUES(219,2,'Uganda');
INSERT INTO COUNTRIES_DESCRIPTION VALUES(220,1,'Ukraine');
INSERT INTO COUNTRIES_DESCRIPTION VALUES(220,2,'Ukraine');
INSERT INTO COUNTRIES_DESCRIPTION VALUES(221,1,'United Arab Emirates');
INSERT INTO COUNTRIES_DESCRIPTION VALUES(221,2,'United Arab Emirates');
INSERT INTO COUNTRIES_DESCRIPTION VALUES(222,1,'United Kingdom');
INSERT INTO COUNTRIES_DESCRIPTION VALUES(222,2,'United Kingdom');
INSERT INTO COUNTRIES_DESCRIPTION VALUES(223,1,'United States');
INSERT INTO COUNTRIES_DESCRIPTION VALUES(223,2,'United States');
INSERT INTO COUNTRIES_DESCRIPTION VALUES(224,1,'United States Minor Outlying Islands');
INSERT INTO COUNTRIES_DESCRIPTION VALUES(224,2,'United States Minor Outlying Islands');
INSERT INTO COUNTRIES_DESCRIPTION VALUES(225,1,'Uruguay');
INSERT INTO COUNTRIES_DESCRIPTION VALUES(225,2,'Uruguay');
INSERT INTO COUNTRIES_DESCRIPTION VALUES(226,1,'Uzbekistan');
INSERT INTO COUNTRIES_DESCRIPTION VALUES(226,2,'Uzbekistan');
INSERT INTO COUNTRIES_DESCRIPTION VALUES(227,1,'Vanuatu');
INSERT INTO COUNTRIES_DESCRIPTION VALUES(227,2,'Vanuatu');
INSERT INTO COUNTRIES_DESCRIPTION VALUES(228,1,'Vatican City State (Holy See)');
INSERT INTO COUNTRIES_DESCRIPTION VALUES(228,2,'Vatican City State (Holy See)');
INSERT INTO COUNTRIES_DESCRIPTION VALUES(229,1,'Venezuela');
INSERT INTO COUNTRIES_DESCRIPTION VALUES(229,2,'Venezuela');
INSERT INTO COUNTRIES_DESCRIPTION VALUES(230,1,'Viet Nam');
INSERT INTO COUNTRIES_DESCRIPTION VALUES(230,2,'Viet Nam');
INSERT INTO COUNTRIES_DESCRIPTION VALUES(231,1,'Virgin Islands (British)');
INSERT INTO COUNTRIES_DESCRIPTION VALUES(231,2,'Virgin Islands (British)');
INSERT INTO COUNTRIES_DESCRIPTION VALUES(232,1,'Virgin Islands (U.S.)');
INSERT INTO COUNTRIES_DESCRIPTION VALUES(232,2,'Virgin Islands (U.S.)');
INSERT INTO COUNTRIES_DESCRIPTION VALUES(233,1,'Wallis and Futuna Islands');
INSERT INTO COUNTRIES_DESCRIPTION VALUES(233,2,'Wallis and Futuna Islands');
INSERT INTO COUNTRIES_DESCRIPTION VALUES(234,1,'Western Sahara');
INSERT INTO COUNTRIES_DESCRIPTION VALUES(234,2,'Western Sahara');
INSERT INTO COUNTRIES_DESCRIPTION VALUES(235,1,'Yemen');
INSERT INTO COUNTRIES_DESCRIPTION VALUES(235,2,'Yemen');
INSERT INTO COUNTRIES_DESCRIPTION VALUES(236,1,'Yugoslavia');
INSERT INTO COUNTRIES_DESCRIPTION VALUES(236,2,'Yugoslavia');
INSERT INTO COUNTRIES_DESCRIPTION VALUES(237,1,'Zaire');
INSERT INTO COUNTRIES_DESCRIPTION VALUES(237,2,'Zaire');
INSERT INTO COUNTRIES_DESCRIPTION VALUES(238,1,'Zambia');
INSERT INTO COUNTRIES_DESCRIPTION VALUES(238,2,'Zambia');
INSERT INTO COUNTRIES_DESCRIPTION VALUES(239,1,'Zimbabwe');
INSERT INTO COUNTRIES_DESCRIPTION VALUES(239,2,'Zimbabwe');
INSERT INTO COUNTRIES_DESCRIPTION VALUES(240,1,'Aaland Islands');
INSERT INTO COUNTRIES_DESCRIPTION VALUES(240,2,'Aaland Islands');


--
-- Dumping data for table 'CURRENCIES'
-- Find unicode for symbol at www.fileformat.info
--

INSERT INTO CURRENCIES VALUES(1, 'US Dollar', 'USD', '\u0024', '', '.', ',', '2', 1.00000000, '2010-01-01 00:00:00', 1);
INSERT INTO CURRENCIES VALUES(2, 'Euro', 'EUR', '\u20AC', '', '.', ',', '2', 0.77411364 , '2010-01-01 00:00:00', 1);
INSERT INTO CURRENCIES VALUES(3, 'GB Pound', 'GBP', '\u00A3', '',  '.', ',', '2', 0.6558, '2010-01-01 00:00:00', 1);
INSERT INTO CURRENCIES VALUES(4, 'Canadian Dollar', 'CAD', '\u0024', '',  '.', ',', '2', 1.0524, '2010-01-01 00:00:00', 1);
INSERT INTO CURRENCIES VALUES(5, 'Australian Dollar', 'AUD', '\u0024', '',  '.', ',', '2', 1.1507, '2010-01-01 00:00:00', 1);
INSERT INTO CURRENCIES VALUES(6, 'Yen', 'JPY', '\u00A5', '',  '.', ',', '2', 85.345, '2010-01-01 00:00:00', 1);



--
-- Dumping data for table 'geo_ZONES'
--

INSERT INTO GEO_ZONES_TAX_TEMPLATE VALUES(1, 'Alabama', '', '2010-01-01 00:00:00', '2010-01-01 00:00:00', 1);
INSERT INTO GEO_ZONES_TAX_TEMPLATE VALUES(2, 'Alaska', '', '2010-01-01 00:00:00', '2010-01-01 00:00:00', 1);
INSERT INTO GEO_ZONES_TAX_TEMPLATE VALUES(3, 'Arizona', '', '2010-01-01 00:00:00', '2010-01-01 00:00:00', 1);
INSERT INTO GEO_ZONES_TAX_TEMPLATE VALUES(4, 'Arkansas', '', '2010-01-01 00:00:00', '2010-01-01 00:00:00', 1);
INSERT INTO GEO_ZONES_TAX_TEMPLATE VALUES(5, 'California', '', '2010-01-01 00:00:00', '2010-01-01 00:00:00', 1);
INSERT INTO GEO_ZONES_TAX_TEMPLATE VALUES(6, 'Colorado', '', '2010-01-01 00:00:00', '2010-01-01 00:00:00', 1);
INSERT INTO GEO_ZONES_TAX_TEMPLATE VALUES(7, 'Connecticut', '', '2010-01-01 00:00:00', '2010-01-01 00:00:00', 1);
INSERT INTO GEO_ZONES_TAX_TEMPLATE VALUES(8, 'Delaware', '', '2010-01-01 00:00:00', '2010-01-01 00:00:00', 1);
INSERT INTO GEO_ZONES_TAX_TEMPLATE VALUES(9, 'Florida', '', '2010-01-01 00:00:00', '2010-01-01 00:00:00', 1);
INSERT INTO GEO_ZONES_TAX_TEMPLATE VALUES(10, 'Georgia', '', '2010-01-01 00:00:00', '2010-01-01 00:00:00', 1);
INSERT INTO GEO_ZONES_TAX_TEMPLATE VALUES(11, 'Hawaii', '', '2010-01-01 00:00:00', '2010-01-01 00:00:00', 1);
INSERT INTO GEO_ZONES_TAX_TEMPLATE VALUES(12, 'Idaho', '', '2010-01-01 00:00:00', '2010-01-01 00:00:00', 1);
INSERT INTO GEO_ZONES_TAX_TEMPLATE VALUES(13, 'Illinois', '', '2010-01-01 00:00:00', '2010-01-01 00:00:00', 1);
INSERT INTO GEO_ZONES_TAX_TEMPLATE VALUES(14, 'Indiana', '', '2010-01-01 00:00:00', '2010-01-01 00:00:00', 1);
INSERT INTO GEO_ZONES_TAX_TEMPLATE VALUES(15, 'Iowa', '', '2010-01-01 00:00:00', '2010-01-01 00:00:00', 1);
INSERT INTO GEO_ZONES_TAX_TEMPLATE VALUES(16, 'Kansas', '', '2010-01-01 00:00:00', '2010-01-01 00:00:00', 1);
INSERT INTO GEO_ZONES_TAX_TEMPLATE VALUES(17, 'Kentucky', '', '2010-01-01 00:00:00', '2010-01-01 00:00:00', 1);
INSERT INTO GEO_ZONES_TAX_TEMPLATE VALUES(18, 'Louisiana', '', '2010-01-01 00:00:00', '2010-01-01 00:00:00', 1);
INSERT INTO GEO_ZONES_TAX_TEMPLATE VALUES(19, 'Maine', '', '2010-01-01 00:00:00', '2010-01-01 00:00:00', 1);
INSERT INTO GEO_ZONES_TAX_TEMPLATE VALUES(20, 'Maryland', '', '2010-01-01 00:00:00', '2010-01-01 00:00:00', 1);
INSERT INTO GEO_ZONES_TAX_TEMPLATE VALUES(21, 'Massachusetts', '', '2010-01-01 00:00:00', '2010-01-01 00:00:00', 1);
INSERT INTO GEO_ZONES_TAX_TEMPLATE VALUES(22, 'Michigan', '', '2010-01-01 00:00:00', '2010-01-01 00:00:00', 1);
INSERT INTO GEO_ZONES_TAX_TEMPLATE VALUES(23, 'Minnesota', '', '2010-01-01 00:00:00', '2010-01-01 00:00:00', 1);
INSERT INTO GEO_ZONES_TAX_TEMPLATE VALUES(24, 'Mississippi', '', '2010-01-01 00:00:00', '2010-01-01 00:00:00', 1);
INSERT INTO GEO_ZONES_TAX_TEMPLATE VALUES(25, 'Missouri', '', '2010-01-01 00:00:00', '2010-01-01 00:00:00', 1);
INSERT INTO GEO_ZONES_TAX_TEMPLATE VALUES(26, 'Montana', '', '2010-01-01 00:00:00', '2010-01-01 00:00:00', 1);
INSERT INTO GEO_ZONES_TAX_TEMPLATE VALUES(27, 'Nebraska', '', '2010-01-01 00:00:00', '2010-01-01 00:00:00', 1);
INSERT INTO GEO_ZONES_TAX_TEMPLATE VALUES(28, 'Nevada', '', '2010-01-01 00:00:00', '2010-01-01 00:00:00', 1);
INSERT INTO GEO_ZONES_TAX_TEMPLATE VALUES(29, 'New Hampshire', '', '2010-01-01 00:00:00', '2010-01-01 00:00:00', 1);
INSERT INTO GEO_ZONES_TAX_TEMPLATE VALUES(30, 'New Jersey', '', '2010-01-01 00:00:00', '2010-01-01 00:00:00', 1);
INSERT INTO GEO_ZONES_TAX_TEMPLATE VALUES(31, 'New Mexico', '', '2010-01-01 00:00:00', '2010-01-01 00:00:00', 1);
INSERT INTO GEO_ZONES_TAX_TEMPLATE VALUES(32, 'New York', '', '2010-01-01 00:00:00', '2010-01-01 00:00:00', 1);
INSERT INTO GEO_ZONES_TAX_TEMPLATE VALUES(33, 'North Carolina', '', '2010-01-01 00:00:00', '2010-01-01 00:00:00', 1);
INSERT INTO GEO_ZONES_TAX_TEMPLATE VALUES(34, 'North Dakota', '', '2010-01-01 00:00:00', '2010-01-01 00:00:00', 1);
INSERT INTO GEO_ZONES_TAX_TEMPLATE VALUES(35, 'Ohio', '', '2010-01-01 00:00:00', '2010-01-01 00:00:00', 1);
INSERT INTO GEO_ZONES_TAX_TEMPLATE VALUES(36, 'Oklahoma', '', '2010-01-01 00:00:00', '2010-01-01 00:00:00', 1);
INSERT INTO GEO_ZONES_TAX_TEMPLATE VALUES(37, 'Oregon', '', '2010-01-01 00:00:00', '2010-01-01 00:00:00', 1);
INSERT INTO GEO_ZONES_TAX_TEMPLATE VALUES(38, 'Pennsylvania', '', '2010-01-01 00:00:00', '2010-01-01 00:00:00', 1);
INSERT INTO GEO_ZONES_TAX_TEMPLATE VALUES(39, 'Rhode Island', '', '2010-01-01 00:00:00', '2010-01-01 00:00:00', 1);
INSERT INTO GEO_ZONES_TAX_TEMPLATE VALUES(40, 'South Carolina', '', '2010-01-01 00:00:00', '2010-01-01 00:00:00', 1);
INSERT INTO GEO_ZONES_TAX_TEMPLATE VALUES(41, 'South Dakota', '', '2010-01-01 00:00:00', '2010-01-01 00:00:00', 1);
INSERT INTO GEO_ZONES_TAX_TEMPLATE VALUES(42, 'Tennessee', '', '2010-01-01 00:00:00', '2010-01-01 00:00:00', 1);
INSERT INTO GEO_ZONES_TAX_TEMPLATE VALUES(43, 'Texas', '', '2010-01-01 00:00:00', '2010-01-01 00:00:00', 1);
INSERT INTO GEO_ZONES_TAX_TEMPLATE VALUES(44, 'Utah', '', '2010-01-01 00:00:00', '2010-01-01 00:00:00', 1);
INSERT INTO GEO_ZONES_TAX_TEMPLATE VALUES(45, 'Vermont', '', '2010-01-01 00:00:00', '2010-01-01 00:00:00', 1);
INSERT INTO GEO_ZONES_TAX_TEMPLATE VALUES(46, 'Virginia', '', '2010-01-01 00:00:00', '2010-01-01 00:00:00', 1);
INSERT INTO GEO_ZONES_TAX_TEMPLATE VALUES(47, 'Washington', '', '2010-01-01 00:00:00', '2010-01-01 00:00:00', 1);
INSERT INTO GEO_ZONES_TAX_TEMPLATE VALUES(48, 'Washington DC', '', '2010-01-01 00:00:00', '2010-01-01 00:00:00', 1);
INSERT INTO GEO_ZONES_TAX_TEMPLATE VALUES(49, 'West Virginia', '', '2010-01-01 00:00:00', '2010-01-01 00:00:00', 1);
INSERT INTO GEO_ZONES_TAX_TEMPLATE VALUES(50, 'Wisconsin', '', '2010-01-01 00:00:00', '2010-01-01 00:00:00', 1);
INSERT INTO GEO_ZONES_TAX_TEMPLATE VALUES(51, 'Wyoming', '', '2010-01-01 00:00:00', '2010-01-01 00:00:00', 1);
INSERT INTO GEO_ZONES_TAX_TEMPLATE VALUES(100, 'GST-Alberta', '', '2010-01-01 00:00:00', '2010-01-01 00:00:00', 2);
INSERT INTO GEO_ZONES_TAX_TEMPLATE VALUES(102, 'PST-Alberta', '', '2010-01-01 00:00:00', '2010-01-01 00:00:00', 2);
INSERT INTO GEO_ZONES_TAX_TEMPLATE VALUES(104, 'GST-British Columbia', '', '2010-01-01 00:00:00', '2010-01-01 00:00:00', 2);
INSERT INTO GEO_ZONES_TAX_TEMPLATE VALUES(106, 'PST-British Columbia', '', '2010-01-01 00:00:00', '2010-01-01 00:00:00', 2);
INSERT INTO GEO_ZONES_TAX_TEMPLATE VALUES(108, 'GST-Manitoba', '', '2010-01-01 00:00:00', '2010-01-01 00:00:00', 2);
INSERT INTO GEO_ZONES_TAX_TEMPLATE VALUES(110, 'PST-Manitoba', '', '2010-01-01 00:00:00', '2010-01-01 00:00:00', 2);
INSERT INTO GEO_ZONES_TAX_TEMPLATE VALUES(112, 'Newfoundland', '', '2010-01-01 00:00:00', '2010-01-01 00:00:00', 2);
INSERT INTO GEO_ZONES_TAX_TEMPLATE VALUES(114, 'New Brunswick', '', '2010-01-01 00:00:00', '2010-01-01 00:00:00', 2);
INSERT INTO GEO_ZONES_TAX_TEMPLATE VALUES(116, 'Nova Scotia', '', '2010-01-01 00:00:00', '2010-01-01 00:00:00', 2);
INSERT INTO GEO_ZONES_TAX_TEMPLATE VALUES(120, 'GT-Northwest Territories', '', '2010-01-01 00:00:00', '2010-01-01 00:00:00', 2);
INSERT INTO GEO_ZONES_TAX_TEMPLATE VALUES(122, 'PST-Northwest Territories', '', '2010-01-01 00:00:00', '2010-01-01 00:00:00', 2);
INSERT INTO GEO_ZONES_TAX_TEMPLATE VALUES(124, 'GST-Nunavut', '', '2010-01-01 00:00:00', '2010-01-01 00:00:00', 2);
INSERT INTO GEO_ZONES_TAX_TEMPLATE VALUES(126, 'PST-Nunavut', '', '2010-01-01 00:00:00', '2010-01-01 00:00:00', 2);
INSERT INTO GEO_ZONES_TAX_TEMPLATE VALUES(128, 'GST-Ontario', '', '2010-01-01 00:00:00', '2010-01-01 00:00:00', 2);
INSERT INTO GEO_ZONES_TAX_TEMPLATE VALUES(130, 'PST-Ontario', '', '2010-01-01 00:00:00', '2010-01-01 00:00:00', 2);
INSERT INTO GEO_ZONES_TAX_TEMPLATE VALUES(132, 'GST-Prince Edward Island', '', '2010-01-01 00:00:00', '2010-01-01 00:00:00', 2);
INSERT INTO GEO_ZONES_TAX_TEMPLATE VALUES(134, 'PST-Prince Edward Island', '', '2010-01-01 00:00:00', '2010-01-01 00:00:00', 2);
INSERT INTO GEO_ZONES_TAX_TEMPLATE VALUES(136, 'GST-Quebec', '', '2010-01-01 00:00:00', '2010-01-01 00:00:00', 2);
INSERT INTO GEO_ZONES_TAX_TEMPLATE VALUES(138, 'PST-Quebec', '', '2010-01-01 00:00:00', '2010-01-01 00:00:00', 2);
INSERT INTO GEO_ZONES_TAX_TEMPLATE VALUES(140, 'GST-Saskatchewan', '', '2010-01-01 00:00:00', '2010-01-01 00:00:00', 2);
INSERT INTO GEO_ZONES_TAX_TEMPLATE VALUES(142, 'PST-Saskatchewan', '', '2010-01-01 00:00:00', '2010-01-01 00:00:00', 2);
INSERT INTO GEO_ZONES_TAX_TEMPLATE VALUES(144, 'GST-Yukon Territory', '', '2010-01-01 00:00:00', '2010-01-01 00:00:00', 2);
INSERT INTO GEO_ZONES_TAX_TEMPLATE VALUES(146, 'PST-Yukon Territory', '', '2010-01-01 00:00:00', '2010-01-01 00:00:00', 2);
INSERT INTO GEO_ZONES_TAX_TEMPLATE VALUES(200, 'Austria', '', '2010-01-01 00:00:00', '2010-01-01 00:00:00', 3);
INSERT INTO GEO_ZONES_TAX_TEMPLATE VALUES(201, 'Belgium', '', '2010-01-01 00:00:00', '2010-01-01 00:00:00', 3);
INSERT INTO GEO_ZONES_TAX_TEMPLATE VALUES(202, 'Bulgaria', '', '2010-01-01 00:00:00', '2010-01-01 00:00:00', 3);
INSERT INTO GEO_ZONES_TAX_TEMPLATE VALUES(203, 'Cyprus', '', '2010-01-01 00:00:00', '2010-01-01 00:00:00', 3);
INSERT INTO GEO_ZONES_TAX_TEMPLATE VALUES(204, 'Czech Republic', '', '2010-01-01 00:00:00', '2010-01-01 00:00:00', 3);
INSERT INTO GEO_ZONES_TAX_TEMPLATE VALUES(205, 'Denmark', '', '2010-01-01 00:00:00', '2010-01-01 00:00:00', 3);
INSERT INTO GEO_ZONES_TAX_TEMPLATE VALUES(206, 'Estonia', '', '2010-01-01 00:00:00', '2010-01-01 00:00:00', 3);
INSERT INTO GEO_ZONES_TAX_TEMPLATE VALUES(207, 'Finland', '', '2010-01-01 00:00:00', '2010-01-01 00:00:00', 3);
INSERT INTO GEO_ZONES_TAX_TEMPLATE VALUES(208, 'France', '', '2010-01-01 00:00:00', '2010-01-01 00:00:00', 3);
INSERT INTO GEO_ZONES_TAX_TEMPLATE VALUES(209, 'Germany', '', '2010-01-01 00:00:00', '2010-01-01 00:00:00', 3);
INSERT INTO GEO_ZONES_TAX_TEMPLATE VALUES(210, 'Greece', '', '2010-01-01 00:00:00', '2010-01-01 00:00:00', 3);
INSERT INTO GEO_ZONES_TAX_TEMPLATE VALUES(211, 'Hungary', '', '2010-01-01 00:00:00', '2010-01-01 00:00:00', 3);
INSERT INTO GEO_ZONES_TAX_TEMPLATE VALUES(212, 'Ireland', '', '2010-01-01 00:00:00', '2010-01-01 00:00:00', 3);
INSERT INTO GEO_ZONES_TAX_TEMPLATE VALUES(213, 'Italy', '', '2010-01-01 00:00:00', '2010-01-01 00:00:00', 3);
INSERT INTO GEO_ZONES_TAX_TEMPLATE VALUES(214, 'Latvia', '', '2010-01-01 00:00:00', '2010-01-01 00:00:00', 3);
INSERT INTO GEO_ZONES_TAX_TEMPLATE VALUES(215, 'Lithuania', '', '2010-01-01 00:00:00', '2010-01-01 00:00:00', 3);
INSERT INTO GEO_ZONES_TAX_TEMPLATE VALUES(216, 'Luxembourg', '', '2010-01-01 00:00:00', '2010-01-01 00:00:00', 3);
INSERT INTO GEO_ZONES_TAX_TEMPLATE VALUES(217, 'Malta', '', '2010-01-01 00:00:00', '2010-01-01 00:00:00', 3);
INSERT INTO GEO_ZONES_TAX_TEMPLATE VALUES(218, 'Netherlands', '', '2010-01-01 00:00:00', '2010-01-01 00:00:00', 3);
INSERT INTO GEO_ZONES_TAX_TEMPLATE VALUES(219, 'Poland', '', '2010-01-01 00:00:00', '2010-01-01 00:00:00', 3);
INSERT INTO GEO_ZONES_TAX_TEMPLATE VALUES(220, 'Portugal', '', '2010-01-01 00:00:00', '2010-01-01 00:00:00', 3);
INSERT INTO GEO_ZONES_TAX_TEMPLATE VALUES(221, 'Romania', '', '2010-01-01 00:00:00', '2010-01-01 00:00:00', 3);
INSERT INTO GEO_ZONES_TAX_TEMPLATE VALUES(222, 'Slovakia', '', '2010-01-01 00:00:00', '2010-01-01 00:00:00', 3);
INSERT INTO GEO_ZONES_TAX_TEMPLATE VALUES(223, 'Slovenia', '', '2010-01-01 00:00:00', '2010-01-01 00:00:00', 3);
INSERT INTO GEO_ZONES_TAX_TEMPLATE VALUES(224, 'Spain', '', '2010-01-01 00:00:00', '2010-01-01 00:00:00', 3);
INSERT INTO GEO_ZONES_TAX_TEMPLATE VALUES(225, 'Sweden', '', '2010-01-01 00:00:00', '2010-01-01 00:00:00', 3);
INSERT INTO GEO_ZONES_TAX_TEMPLATE VALUES(226, 'United Kingdom', '', '2010-01-01 00:00:00', '2010-01-01 00:00:00', 3);




--
-- Dumping data for table 'languages'
--

INSERT INTO LANGUAGES VALUES(1, 'English', 'en', 'icon.gif', 'english', 1);
INSERT INTO LANGUAGES VALUES(2, 'French', 'fr', 'icon2.gif', 'french', 2);


--
-- Dumping data for table 'merchant_id'
--

INSERT INTO MERCHANT_ID VALUES(1, '2010-01-01 00:00:00');


INSERT INTO MERCHANT_USER_ROLE_DEF(roleid , role_code, role_description) VALUES (1, 'superuser', 'System administrator');
INSERT INTO MERCHANT_USER_ROLE_DEF(roleid , role_code, role_description) VALUES (2, 'admin', 'Store administrator');
INSERT INTO MERCHANT_USER_ROLE_DEF(roleid , role_code, role_description) VALUES (3, 'seller', 'Store operator');



--
-- Dumping data for table 'ORDERS_STATUS'
--

INSERT INTO ORDERS_STATUS VALUES(1, 1, 'Pending');
INSERT INTO ORDERS_STATUS VALUES(2, 1, 'Processing');
INSERT INTO ORDERS_STATUS VALUES(3, 1, 'Delivered');
INSERT INTO ORDERS_STATUS VALUES(4, 1, 'Update');
INSERT INTO ORDERS_STATUS VALUES(5, 1, 'Refund');
INSERT INTO ORDERS_STATUS VALUES(20, 1, 'Invoiced');
INSERT INTO ORDERS_STATUS VALUES(1, 2, 'En attente');
INSERT INTO ORDERS_STATUS VALUES(2, 2, 'En traitement');
INSERT INTO ORDERS_STATUS VALUES(3, 2, 'Livre');
INSERT INTO ORDERS_STATUS VALUES(4, 2, 'Mise a jour');
INSERT INTO ORDERS_STATUS VALUES(5, 2, 'Rembourse');
INSERT INTO ORDERS_STATUS VALUES(20, 2, 'Facture');
INSERT INTO ORDERS_STATUS VALUES(100, 1, 'In term');
INSERT INTO ORDERS_STATUS VALUES(101, 1, 'End of term');
INSERT INTO ORDERS_STATUS VALUES(102, 1, 'Canceled');
INSERT INTO ORDERS_STATUS VALUES(103, 1, 'Process problem');
INSERT INTO ORDERS_STATUS VALUES(104, 2, 'En terme');
INSERT INTO ORDERS_STATUS VALUES(105, 2, 'Fin du terme');
INSERT INTO ORDERS_STATUS VALUES(106, 2, 'Annule');
INSERT INTO ORDERS_STATUS VALUES(107, 2, 'En probleme');



insert into PRODUCTS_OPTIONS (
PRODUCTS_OPTIONS_ID,
PRODUCTS_OPTIONS_SORT_ORDER,
PRODUCTS_OPTIONS_TYPE
) values 
(1,0,2);

insert into PRODUCTS_OPTIONS (
PRODUCTS_OPTIONS_ID,
PRODUCTS_OPTIONS_SORT_ORDER,
PRODUCTS_OPTIONS_TYPE
) values 
(2,1,2);



insert into PRODUCTS_OPTIONS_DESCRIPTION (
PRODUCTS_OPTIONS_ID,
LANGUAGE_ID,
PRODUCTS_OPTIONS_NAME,
PRODUCTS_OPTIONS_COMMENT
) values 
(1,1,'Color','');

insert into PRODUCTS_OPTIONS_DESCRIPTION (
PRODUCTS_OPTIONS_ID,
LANGUAGE_ID,
PRODUCTS_OPTIONS_NAME,
PRODUCTS_OPTIONS_COMMENT
) values 
(1,2,'Couleur','');

insert into PRODUCTS_OPTIONS_DESCRIPTION (
PRODUCTS_OPTIONS_ID,
LANGUAGE_ID,
PRODUCTS_OPTIONS_NAME,
PRODUCTS_OPTIONS_COMMENT
) values 
(2,1,'Size','');

insert into PRODUCTS_OPTIONS_DESCRIPTION (
PRODUCTS_OPTIONS_ID,
LANGUAGE_ID,
PRODUCTS_OPTIONS_NAME,
PRODUCTS_OPTIONS_COMMENT
) values 
(2,2,'Grandeur','');



--
-- Dumping data for table 'PRODUCTS_OPTIONS_TYPES'
--

INSERT INTO PRODUCTS_OPTIONS_TYPES VALUES(0, 'select');
INSERT INTO PRODUCTS_OPTIONS_TYPES VALUES(1, 'text');
INSERT INTO PRODUCTS_OPTIONS_TYPES VALUES(2, 'radio');
INSERT INTO PRODUCTS_OPTIONS_TYPES VALUES(3, 'checkbox');




INSERT INTO PRODUCTS_OPTIONS_VALUES (PRODUCTS_OPTIONS_VALUES_ID, PRODUCTS_OPTIONS_VALUES_SORT_O, MERCHANTID) VALUES (1, 0, 0);
INSERT INTO PRODUCTS_OPTIONS_VALUES (PRODUCTS_OPTIONS_VALUES_ID, PRODUCTS_OPTIONS_VALUES_SORT_O, MERCHANTID) VALUES (2, 1, 0);
INSERT INTO PRODUCTS_OPTIONS_VALUES (PRODUCTS_OPTIONS_VALUES_ID, PRODUCTS_OPTIONS_VALUES_SORT_O, MERCHANTID) VALUES (3, 2, 0);
INSERT INTO PRODUCTS_OPTIONS_VALUES (PRODUCTS_OPTIONS_VALUES_ID, PRODUCTS_OPTIONS_VALUES_SORT_O, MERCHANTID) VALUES (4, 3, 0);
INSERT INTO PRODUCTS_OPTIONS_VALUES (PRODUCTS_OPTIONS_VALUES_ID, PRODUCTS_OPTIONS_VALUES_SORT_O, MERCHANTID) VALUES (5, 4, 0);
INSERT INTO PRODUCTS_OPTIONS_VALUES (PRODUCTS_OPTIONS_VALUES_ID, PRODUCTS_OPTIONS_VALUES_SORT_O, MERCHANTID) VALUES (6, 5, 0);
INSERT INTO PRODUCTS_OPTIONS_VALUES (PRODUCTS_OPTIONS_VALUES_ID, PRODUCTS_OPTIONS_VALUES_SORT_O, MERCHANTID) VALUES (7, 6, 0);
INSERT INTO PRODUCTS_OPTIONS_VALUES (PRODUCTS_OPTIONS_VALUES_ID, PRODUCTS_OPTIONS_VALUES_SORT_O, MERCHANTID) VALUES (8, 7, 0);
INSERT INTO PRODUCTS_OPTIONS_VALUES (PRODUCTS_OPTIONS_VALUES_ID, PRODUCTS_OPTIONS_VALUES_SORT_O, MERCHANTID) VALUES (9, 8, 0);
INSERT INTO PRODUCTS_OPTIONS_VALUES (PRODUCTS_OPTIONS_VALUES_ID, PRODUCTS_OPTIONS_VALUES_SORT_O, MERCHANTID) VALUES (10,9, 0);
INSERT INTO PRODUCTS_OPTIONS_VALUES (PRODUCTS_OPTIONS_VALUES_ID, PRODUCTS_OPTIONS_VALUES_SORT_O, MERCHANTID) VALUES (11, 10, 0);
INSERT INTO PRODUCTS_OPTIONS_VALUES (PRODUCTS_OPTIONS_VALUES_ID, PRODUCTS_OPTIONS_VALUES_SORT_O, MERCHANTID) VALUES (12, 11, 0);
INSERT INTO PRODUCTS_OPTIONS_VALUES (PRODUCTS_OPTIONS_VALUES_ID, PRODUCTS_OPTIONS_VALUES_SORT_O, MERCHANTID) VALUES (13, 0, 0);
INSERT INTO PRODUCTS_OPTIONS_VALUES (PRODUCTS_OPTIONS_VALUES_ID, PRODUCTS_OPTIONS_VALUES_SORT_O, MERCHANTID) VALUES (14, 1, 0);
INSERT INTO PRODUCTS_OPTIONS_VALUES (PRODUCTS_OPTIONS_VALUES_ID, PRODUCTS_OPTIONS_VALUES_SORT_O, MERCHANTID) VALUES (15, 2, 0);
INSERT INTO PRODUCTS_OPTIONS_VALUES (PRODUCTS_OPTIONS_VALUES_ID, PRODUCTS_OPTIONS_VALUES_SORT_O, MERCHANTID) VALUES (16, 3, 0);
INSERT INTO PRODUCTS_OPTIONS_VALUES (PRODUCTS_OPTIONS_VALUES_ID, PRODUCTS_OPTIONS_VALUES_SORT_O, MERCHANTID) VALUES (17, 4, 0);
INSERT INTO PRODUCTS_OPTIONS_VALUES (PRODUCTS_OPTIONS_VALUES_ID, PRODUCTS_OPTIONS_VALUES_SORT_O, MERCHANTID) VALUES (18, 5, 0);




INSERT INTO PRODUCTS_OPTIONS_VALUES_DESC (PRODUCTS_OPTIONS_VALUES_ID, LANGUAGE_ID, PRODUCTS_OPTIONS_VALUES_NAME) VALUES (1, 2, 'Noir');
INSERT INTO PRODUCTS_OPTIONS_VALUES_DESC (PRODUCTS_OPTIONS_VALUES_ID, LANGUAGE_ID, PRODUCTS_OPTIONS_VALUES_NAME) VALUES (1, 1, 'Black');
INSERT INTO PRODUCTS_OPTIONS_VALUES_DESC (PRODUCTS_OPTIONS_VALUES_ID, LANGUAGE_ID, PRODUCTS_OPTIONS_VALUES_NAME) VALUES (2, 1, 'White');
INSERT INTO PRODUCTS_OPTIONS_VALUES_DESC (PRODUCTS_OPTIONS_VALUES_ID, LANGUAGE_ID, PRODUCTS_OPTIONS_VALUES_NAME) VALUES (2, 2, 'Blanc');
INSERT INTO PRODUCTS_OPTIONS_VALUES_DESC (PRODUCTS_OPTIONS_VALUES_ID, LANGUAGE_ID, PRODUCTS_OPTIONS_VALUES_NAME) VALUES (3, 1, 'Red');
INSERT INTO PRODUCTS_OPTIONS_VALUES_DESC (PRODUCTS_OPTIONS_VALUES_ID, LANGUAGE_ID, PRODUCTS_OPTIONS_VALUES_NAME) VALUES (3, 2, 'Rouge');
INSERT INTO PRODUCTS_OPTIONS_VALUES_DESC (PRODUCTS_OPTIONS_VALUES_ID, LANGUAGE_ID, PRODUCTS_OPTIONS_VALUES_NAME) VALUES (4, 1, 'Brown');
INSERT INTO PRODUCTS_OPTIONS_VALUES_DESC (PRODUCTS_OPTIONS_VALUES_ID, LANGUAGE_ID, PRODUCTS_OPTIONS_VALUES_NAME) VALUES (4, 2, 'Brun');
INSERT INTO PRODUCTS_OPTIONS_VALUES_DESC (PRODUCTS_OPTIONS_VALUES_ID, LANGUAGE_ID, PRODUCTS_OPTIONS_VALUES_NAME) VALUES (5, 1, 'Orange');
INSERT INTO PRODUCTS_OPTIONS_VALUES_DESC (PRODUCTS_OPTIONS_VALUES_ID, LANGUAGE_ID, PRODUCTS_OPTIONS_VALUES_NAME) VALUES (5, 2, 'Orange');
INSERT INTO PRODUCTS_OPTIONS_VALUES_DESC (PRODUCTS_OPTIONS_VALUES_ID, LANGUAGE_ID, PRODUCTS_OPTIONS_VALUES_NAME) VALUES (6, 1, 'Blue');
INSERT INTO PRODUCTS_OPTIONS_VALUES_DESC (PRODUCTS_OPTIONS_VALUES_ID, LANGUAGE_ID, PRODUCTS_OPTIONS_VALUES_NAME) VALUES (6, 2, 'Bleu');
INSERT INTO PRODUCTS_OPTIONS_VALUES_DESC (PRODUCTS_OPTIONS_VALUES_ID, LANGUAGE_ID, PRODUCTS_OPTIONS_VALUES_NAME) VALUES (7, 1, 'Grey');
INSERT INTO PRODUCTS_OPTIONS_VALUES_DESC (PRODUCTS_OPTIONS_VALUES_ID, LANGUAGE_ID, PRODUCTS_OPTIONS_VALUES_NAME) VALUES (7, 2, 'Gris');
INSERT INTO PRODUCTS_OPTIONS_VALUES_DESC (PRODUCTS_OPTIONS_VALUES_ID, LANGUAGE_ID, PRODUCTS_OPTIONS_VALUES_NAME) VALUES (8, 1, 'Purple');
INSERT INTO PRODUCTS_OPTIONS_VALUES_DESC (PRODUCTS_OPTIONS_VALUES_ID, LANGUAGE_ID, PRODUCTS_OPTIONS_VALUES_NAME) VALUES (8, 2, 'Mauve');
INSERT INTO PRODUCTS_OPTIONS_VALUES_DESC (PRODUCTS_OPTIONS_VALUES_ID, LANGUAGE_ID, PRODUCTS_OPTIONS_VALUES_NAME) VALUES (9, 1, 'Green');
INSERT INTO PRODUCTS_OPTIONS_VALUES_DESC (PRODUCTS_OPTIONS_VALUES_ID, LANGUAGE_ID, PRODUCTS_OPTIONS_VALUES_NAME) VALUES (9, 2, 'Vert');
INSERT INTO PRODUCTS_OPTIONS_VALUES_DESC (PRODUCTS_OPTIONS_VALUES_ID, LANGUAGE_ID, PRODUCTS_OPTIONS_VALUES_NAME) VALUES (10, 1, 'Yellow');
INSERT INTO PRODUCTS_OPTIONS_VALUES_DESC (PRODUCTS_OPTIONS_VALUES_ID, LANGUAGE_ID, PRODUCTS_OPTIONS_VALUES_NAME) VALUES (10, 2, 'Jaune');
INSERT INTO PRODUCTS_OPTIONS_VALUES_DESC (PRODUCTS_OPTIONS_VALUES_ID, LANGUAGE_ID, PRODUCTS_OPTIONS_VALUES_NAME) VALUES (11, 1, 'Pink');
INSERT INTO PRODUCTS_OPTIONS_VALUES_DESC (PRODUCTS_OPTIONS_VALUES_ID, LANGUAGE_ID, PRODUCTS_OPTIONS_VALUES_NAME) VALUES (11, 2, 'Rose');
INSERT INTO PRODUCTS_OPTIONS_VALUES_DESC (PRODUCTS_OPTIONS_VALUES_ID, LANGUAGE_ID, PRODUCTS_OPTIONS_VALUES_NAME) VALUES (12, 1, 'Beige');
INSERT INTO PRODUCTS_OPTIONS_VALUES_DESC (PRODUCTS_OPTIONS_VALUES_ID, LANGUAGE_ID, PRODUCTS_OPTIONS_VALUES_NAME) VALUES (12, 2, 'Beige');
INSERT INTO PRODUCTS_OPTIONS_VALUES_DESC (PRODUCTS_OPTIONS_VALUES_ID, LANGUAGE_ID, PRODUCTS_OPTIONS_VALUES_NAME) VALUES (13, 1, 'Extra small (XS)');
INSERT INTO PRODUCTS_OPTIONS_VALUES_DESC (PRODUCTS_OPTIONS_VALUES_ID, LANGUAGE_ID, PRODUCTS_OPTIONS_VALUES_NAME) VALUES (13, 2, 'Tres petit (XS)');
INSERT INTO PRODUCTS_OPTIONS_VALUES_DESC (PRODUCTS_OPTIONS_VALUES_ID, LANGUAGE_ID, PRODUCTS_OPTIONS_VALUES_NAME) VALUES (14, 1, 'Small (S)');
INSERT INTO PRODUCTS_OPTIONS_VALUES_DESC (PRODUCTS_OPTIONS_VALUES_ID, LANGUAGE_ID, PRODUCTS_OPTIONS_VALUES_NAME) VALUES (14, 2, 'Petit (S)');
INSERT INTO PRODUCTS_OPTIONS_VALUES_DESC (PRODUCTS_OPTIONS_VALUES_ID, LANGUAGE_ID, PRODUCTS_OPTIONS_VALUES_NAME) VALUES (15, 1, 'Medium (M)');
INSERT INTO PRODUCTS_OPTIONS_VALUES_DESC (PRODUCTS_OPTIONS_VALUES_ID, LANGUAGE_ID, PRODUCTS_OPTIONS_VALUES_NAME) VALUES (15, 2, 'Moyen (M)');
INSERT INTO PRODUCTS_OPTIONS_VALUES_DESC (PRODUCTS_OPTIONS_VALUES_ID, LANGUAGE_ID, PRODUCTS_OPTIONS_VALUES_NAME) VALUES (16, 1, 'Large (L)');
INSERT INTO PRODUCTS_OPTIONS_VALUES_DESC (PRODUCTS_OPTIONS_VALUES_ID, LANGUAGE_ID, PRODUCTS_OPTIONS_VALUES_NAME) VALUES (16, 2, 'Grand (L)');
INSERT INTO PRODUCTS_OPTIONS_VALUES_DESC (PRODUCTS_OPTIONS_VALUES_ID, LANGUAGE_ID, PRODUCTS_OPTIONS_VALUES_NAME) VALUES (17, 1, 'Extra large (XL)');
INSERT INTO PRODUCTS_OPTIONS_VALUES_DESC (PRODUCTS_OPTIONS_VALUES_ID, LANGUAGE_ID, PRODUCTS_OPTIONS_VALUES_NAME) VALUES (17, 2, 'Tres grand (XL)');
INSERT INTO PRODUCTS_OPTIONS_VALUES_DESC (PRODUCTS_OPTIONS_VALUES_ID, LANGUAGE_ID, PRODUCTS_OPTIONS_VALUES_NAME) VALUES (18, 1, 'X extra large (XXL)');
INSERT INTO PRODUCTS_OPTIONS_VALUES_DESC (PRODUCTS_OPTIONS_VALUES_ID, LANGUAGE_ID, PRODUCTS_OPTIONS_VALUES_NAME) VALUES (18, 2, 'X tres grand (XXL)');



INSERT INTO PRODUCTS_OPTIONS_VAL_PRD_OPTS (PRODUCTS_OPTIONS_ID, PRODUCTS_OPTIONS_VALUES_ID) VALUES (1, 3);
INSERT INTO PRODUCTS_OPTIONS_VAL_PRD_OPTS (PRODUCTS_OPTIONS_ID, PRODUCTS_OPTIONS_VALUES_ID) VALUES (1, 2);
INSERT INTO PRODUCTS_OPTIONS_VAL_PRD_OPTS (PRODUCTS_OPTIONS_ID, PRODUCTS_OPTIONS_VALUES_ID) VALUES (1, 1);
INSERT INTO PRODUCTS_OPTIONS_VAL_PRD_OPTS (PRODUCTS_OPTIONS_ID, PRODUCTS_OPTIONS_VALUES_ID) VALUES (1, 4);
INSERT INTO PRODUCTS_OPTIONS_VAL_PRD_OPTS (PRODUCTS_OPTIONS_ID, PRODUCTS_OPTIONS_VALUES_ID) VALUES (1, 5);
INSERT INTO PRODUCTS_OPTIONS_VAL_PRD_OPTS (PRODUCTS_OPTIONS_ID, PRODUCTS_OPTIONS_VALUES_ID) VALUES (1, 6);
INSERT INTO PRODUCTS_OPTIONS_VAL_PRD_OPTS (PRODUCTS_OPTIONS_ID, PRODUCTS_OPTIONS_VALUES_ID) VALUES (1, 7);
INSERT INTO PRODUCTS_OPTIONS_VAL_PRD_OPTS (PRODUCTS_OPTIONS_ID, PRODUCTS_OPTIONS_VALUES_ID) VALUES (1, 8);
INSERT INTO PRODUCTS_OPTIONS_VAL_PRD_OPTS (PRODUCTS_OPTIONS_ID, PRODUCTS_OPTIONS_VALUES_ID) VALUES (1, 9);
INSERT INTO PRODUCTS_OPTIONS_VAL_PRD_OPTS (PRODUCTS_OPTIONS_ID, PRODUCTS_OPTIONS_VALUES_ID) VALUES (1, 10);
INSERT INTO PRODUCTS_OPTIONS_VAL_PRD_OPTS (PRODUCTS_OPTIONS_ID, PRODUCTS_OPTIONS_VALUES_ID) VALUES (1, 11);
INSERT INTO PRODUCTS_OPTIONS_VAL_PRD_OPTS (PRODUCTS_OPTIONS_ID, PRODUCTS_OPTIONS_VALUES_ID) VALUES (1, 12);
INSERT INTO PRODUCTS_OPTIONS_VAL_PRD_OPTS (PRODUCTS_OPTIONS_ID, PRODUCTS_OPTIONS_VALUES_ID) VALUES (2, 13);
INSERT INTO PRODUCTS_OPTIONS_VAL_PRD_OPTS (PRODUCTS_OPTIONS_ID, PRODUCTS_OPTIONS_VALUES_ID) VALUES (2, 14);
INSERT INTO PRODUCTS_OPTIONS_VAL_PRD_OPTS (PRODUCTS_OPTIONS_ID, PRODUCTS_OPTIONS_VALUES_ID) VALUES (2, 15);
INSERT INTO PRODUCTS_OPTIONS_VAL_PRD_OPTS (PRODUCTS_OPTIONS_ID, PRODUCTS_OPTIONS_VALUES_ID) VALUES (2, 16);
INSERT INTO PRODUCTS_OPTIONS_VAL_PRD_OPTS (PRODUCTS_OPTIONS_ID, PRODUCTS_OPTIONS_VALUES_ID) VALUES (2, 17);
INSERT INTO PRODUCTS_OPTIONS_VAL_PRD_OPTS (PRODUCTS_OPTIONS_ID, PRODUCTS_OPTIONS_VALUES_ID) VALUES (2, 18);



--
-- Dumping data for table 'PRODUCT_TYPES'
--

INSERT INTO PRODUCT_TYPES VALUES(1, 'Product - General', 'product', 1, 'Y', '', '2010-01-01 00:00:00', '2010-01-01 00:00:00');
INSERT INTO PRODUCT_TYPES VALUES(3, 'Service', 'product_service', 1, 'Y', '', '2010-01-01 00:00:00', '2010-01-01 00:00:00');
INSERT INTO PRODUCT_TYPES VALUES(4, 'Subscription', 'product_subscription', 1, 'Y', '', '2010-01-01 00:00:00', '2010-01-01 00:00:00');



--
-- Dumping data for table 'tax_class'
--

INSERT INTO TAX_CLASS VALUES(1, 'Taxable Goods', 'The following types of products are included: non-food, services, etc', NULL, '2010-01-01 00:00:00', 0);



--
-- Dumping data for table 'TAX_RATES_TAX_TEMPLATE'
--

INSERT INTO TAX_RATES_TAX_TEMPLATE VALUES(2,1,1,0,4.0000,'2010-01-01 00:00:00','2010-01-01 00:00:00',0);
INSERT INTO TAX_RATES_TAX_TEMPLATE VALUES(3,2,1,0,0.0000,'2010-01-01 00:00:00','2010-01-01 00:00:00',0);
INSERT INTO TAX_RATES_TAX_TEMPLATE VALUES(4,3,1,0,5.6000,'2010-01-01 00:00:00','2010-01-01 00:00:00',0);
INSERT INTO TAX_RATES_TAX_TEMPLATE VALUES(5,4,1,0,7.0000,'2010-01-01 00:00:00','2010-01-01 00:00:00',0);
INSERT INTO TAX_RATES_TAX_TEMPLATE VALUES(6,5,1,0,8.2500,'2010-01-01 00:00:00','2010-07-01 00:00:00',0);
INSERT INTO TAX_RATES_TAX_TEMPLATE VALUES(7,6,1,0,2.9000,'2010-01-01 00:00:00','2010-01-01 00:00:00',0);
INSERT INTO TAX_RATES_TAX_TEMPLATE VALUES(8,7,1,0,6.0000,'2010-01-01 00:00:00','2010-01-01 00:00:00',0);
INSERT INTO TAX_RATES_TAX_TEMPLATE VALUES(9,8,1,0,2.0700,'2010-01-01 00:00:00','2010-07-01 00:00:00',0);
INSERT INTO TAX_RATES_TAX_TEMPLATE VALUES(10,9,1,0,6.0000,'2010-01-01 00:00:00','2010-01-01 00:00:00',0);
INSERT INTO TAX_RATES_TAX_TEMPLATE VALUES(11,10,1,0,4.0000,'2010-01-01 00:00:00','2010-01-01 00:00:00',0);
INSERT INTO TAX_RATES_TAX_TEMPLATE VALUES(12,11,1,0,4.0000,'2010-01-01 00:00:00','2010-01-01 00:00:00',0);
INSERT INTO TAX_RATES_TAX_TEMPLATE VALUES(13,12,1,0,6.0000,'2010-01-01 00:00:00','2010-01-01 00:00:00',0);
INSERT INTO TAX_RATES_TAX_TEMPLATE VALUES(14,13,1,0,6.2500,'2010-01-01 00:00:00','2010-01-01 00:00:00',0);
INSERT INTO TAX_RATES_TAX_TEMPLATE VALUES(15,14,1,0,7.0000,'2010-01-01 00:00:00','2010-07-01 00:00:00',0);
INSERT INTO TAX_RATES_TAX_TEMPLATE VALUES(16,15,1,0,6.0000,'2010-01-01 00:00:00','2010-07-01 00:00:00',0);
INSERT INTO TAX_RATES_TAX_TEMPLATE VALUES(17,16,1,0,5.3000,'2010-01-01 00:00:00','2010-07-01 00:00:00',0);
INSERT INTO TAX_RATES_TAX_TEMPLATE VALUES(18,17,1,0,6.0000,'2010-01-01 00:00:00','2010-01-01 00:00:00',0);
INSERT INTO TAX_RATES_TAX_TEMPLATE VALUES(19,18,1,0,4.0000,'2010-01-01 00:00:00','2010-01-01 00:00:00',0);
INSERT INTO TAX_RATES_TAX_TEMPLATE VALUES(20,19,1,0,5.0000,'2010-01-01 00:00:00','2010-01-01 00:00:00',0);
INSERT INTO TAX_RATES_TAX_TEMPLATE VALUES(21,20,1,0,6.0000,'2010-01-01 00:00:00','2010-10-01 00:00:00',0);
INSERT INTO TAX_RATES_TAX_TEMPLATE VALUES(22,21,1,0,6.2500,'2010-01-01 00:00:00','2010-07-01 00:00:00',0);
INSERT INTO TAX_RATES_TAX_TEMPLATE VALUES(23,22,1,0,6.0000,'2010-01-01 00:00:00','2010-01-01 00:00:00',0);
INSERT INTO TAX_RATES_TAX_TEMPLATE VALUES(24,23,1,0,6.8500,'2010-01-01 00:00:00','2010-07-01 00:00:00',0);
INSERT INTO TAX_RATES_TAX_TEMPLATE VALUES(25,24,1,0,7.0000,'2010-01-01 00:00:00','2010-01-01 00:00:00',0);
INSERT INTO TAX_RATES_TAX_TEMPLATE VALUES(26,25,1,0,4.2250,'2010-01-01 00:00:00','2010-01-01 00:00:00',0);
INSERT INTO TAX_RATES_TAX_TEMPLATE VALUES(27,26,1,0,0.0000,'2010-01-01 00:00:00','2010-01-01 00:00:00',0);
INSERT INTO TAX_RATES_TAX_TEMPLATE VALUES(28,27,1,0,5.5000,'2010-01-01 00:00:00','2010-01-01 00:00:00',0);
INSERT INTO TAX_RATES_TAX_TEMPLATE VALUES(29,28,1,0,6.8500,'2010-01-01 00:00:00','2010-07-01 00:00:00',0);
INSERT INTO TAX_RATES_TAX_TEMPLATE VALUES(30,29,1,0,0.0000,'2010-01-01 00:00:00','2010-01-01 00:00:00',0);
INSERT INTO TAX_RATES_TAX_TEMPLATE VALUES(31,30,1,0,7.0000,'2010-01-01 00:00:00','2010-01-01 00:00:00',0);
INSERT INTO TAX_RATES_TAX_TEMPLATE VALUES(32,31,1,0,5.3750,'2010-01-01 00:00:00','2010-07-01 00:00:00',0);
INSERT INTO TAX_RATES_TAX_TEMPLATE VALUES(33,32,1,0,4.0000,'2010-01-01 00:00:00','2010-01-01 00:00:00',0);
INSERT INTO TAX_RATES_TAX_TEMPLATE VALUES(34,33,1,0,4.5000,'2010-01-01 00:00:00','2010-07-01 00:00:00',0);
INSERT INTO TAX_RATES_TAX_TEMPLATE VALUES(35,34,1,0,5.0000,'2010-01-01 00:00:00','2010-01-01 00:00:00',0);
INSERT INTO TAX_RATES_TAX_TEMPLATE VALUES(36,35,1,0,5.5000,'2010-01-01 00:00:00','2010-01-01 00:00:00',0);
INSERT INTO TAX_RATES_TAX_TEMPLATE VALUES(37,36,1,0,4.5000,'2010-01-01 00:00:00','2010-01-01 00:00:00',0);
INSERT INTO TAX_RATES_TAX_TEMPLATE VALUES(38,37,1,0,0.0000,'2010-01-01 00:00:00','2010-01-01 00:00:00',0);
INSERT INTO TAX_RATES_TAX_TEMPLATE VALUES(39,38,1,0,6.0000,'2010-01-01 00:00:00','2010-01-01 00:00:00',0);
INSERT INTO TAX_RATES_TAX_TEMPLATE VALUES(40,39,1,0,7.0000,'2010-01-01 00:00:00','2010-01-01 00:00:00',0);
INSERT INTO TAX_RATES_TAX_TEMPLATE VALUES(41,40,1,0,6.0000,'2010-01-01 00:00:00','2010-07-01 00:00:00',0);
INSERT INTO TAX_RATES_TAX_TEMPLATE VALUES(42,41,1,0,4.0000,'2010-01-01 00:00:00','2010-01-01 00:00:00',0);
INSERT INTO TAX_RATES_TAX_TEMPLATE VALUES(43,42,1,0,7.0000,'2010-01-01 00:00:00','2010-01-01 00:00:00',0);
INSERT INTO TAX_RATES_TAX_TEMPLATE VALUES(44,43,1,0,6.2500,'2010-01-01 00:00:00','2010-01-01 00:00:00',0);
INSERT INTO TAX_RATES_TAX_TEMPLATE VALUES(45,44,1,0,5.9500,'2010-01-01 00:00:00','2010-07-01 00:00:00',0);
INSERT INTO TAX_RATES_TAX_TEMPLATE VALUES(46,45,1,0,6.0000,'2010-01-01 00:00:00','2010-01-01 00:00:00',0);
INSERT INTO TAX_RATES_TAX_TEMPLATE VALUES(47,46,1,0,5.0000,'2010-01-01 00:00:00','2010-07-01 00:00:00',0);
INSERT INTO TAX_RATES_TAX_TEMPLATE VALUES(48,47,1,0,6.5000,'2010-01-01 00:00:00','2010-01-01 00:00:00',0);
INSERT INTO TAX_RATES_TAX_TEMPLATE VALUES(49,48,1,0,5.7500,'2010-01-01 00:00:00','2010-01-01 00:00:00',0);
INSERT INTO TAX_RATES_TAX_TEMPLATE VALUES(50,49,1,0,6.0000,'2010-01-01 00:00:00','2010-01-01 00:00:00',0);
INSERT INTO TAX_RATES_TAX_TEMPLATE VALUES(51,50,1,0,5.0000,'2010-01-01 00:00:00','2010-07-01 00:00:00',0);
INSERT INTO TAX_RATES_TAX_TEMPLATE VALUES(52,51,1,0,4.0000,'2010-01-01 00:00:00','2010-07-01 00:00:00',0);
INSERT INTO TAX_RATES_TAX_TEMPLATE VALUES(53,100,1,0,5.0000,'2010-01-01 00:00:00','2010-01-01 00:00:00',0);
INSERT INTO TAX_RATES_TAX_TEMPLATE VALUES(54,102,1,1,0.0000,'2010-01-01 00:00:00','2010-01-01 00:00:00',0);
INSERT INTO TAX_RATES_TAX_TEMPLATE VALUES(55,104,1,0,12.0000,'2010-01-01 00:00:00','2010-07-01 00:00:00',0);
INSERT INTO TAX_RATES_TAX_TEMPLATE VALUES(57,108,1,0,5.0000,'2010-01-01 00:00:00','2010-01-01 00:00:00',0);
INSERT INTO TAX_RATES_TAX_TEMPLATE VALUES(58,110,1,1,7.0000,'2010-01-01 00:00:00','2010-01-01 00:00:00',0);
INSERT INTO TAX_RATES_TAX_TEMPLATE VALUES(59,112,1,0,13.0000,'2010-01-01 00:00:00','2010-07-01 00:00:00',0);
INSERT INTO TAX_RATES_TAX_TEMPLATE VALUES(60,114,1,0,13.0000,'2010-01-01 00:00:00','2010-07-01 00:00:00',0);
INSERT INTO TAX_RATES_TAX_TEMPLATE VALUES(61,116,1,0,13.0000,'2010-01-01 00:00:00','2010-07-01 00:00:00',0);
INSERT INTO TAX_RATES_TAX_TEMPLATE VALUES(62,120,1,0,5.0000,'2010-01-01 00:00:00','2010-01-01 00:00:00',0);
INSERT INTO TAX_RATES_TAX_TEMPLATE VALUES(63,122,1,1,0.0000,'2010-01-01 00:00:00','2010-01-01 00:00:00',0);
INSERT INTO TAX_RATES_TAX_TEMPLATE VALUES(64,124,1,0,5.0000,'2010-01-01 00:00:00','2010-01-01 00:00:00',0);
INSERT INTO TAX_RATES_TAX_TEMPLATE VALUES(65,126,1,1,0.0000,'2010-01-01 00:00:00','2010-01-01 00:00:00',0);
INSERT INTO TAX_RATES_TAX_TEMPLATE VALUES(66,128,1,0,13.0000,'2010-01-01 00:00:00','2010-07-01 00:00:00',0);
INSERT INTO TAX_RATES_TAX_TEMPLATE VALUES(68,132,1,0,5.0000,'2010-01-01 00:00:00','2010-01-01 00:00:00',0);
INSERT INTO TAX_RATES_TAX_TEMPLATE VALUES(69,134,1,1,10.0000,'2010-01-01 00:00:00','2010-01-01 00:00:00',1);
INSERT INTO TAX_RATES_TAX_TEMPLATE VALUES(70,136,1,0,5.0000,'2010-01-01 00:00:00','2010-01-01 00:00:00',0);
INSERT INTO TAX_RATES_TAX_TEMPLATE VALUES(71,138,1,1,7.5000,'2010-01-01 00:00:00','2010-01-01 00:00:00',1);
INSERT INTO TAX_RATES_TAX_TEMPLATE VALUES(72,140,1,0,5.0000,'2010-01-01 00:00:00','2010-01-01 00:00:00',0);
INSERT INTO TAX_RATES_TAX_TEMPLATE VALUES(73,142,1,1,5.0000,'2010-01-01 00:00:00','2010-01-01 00:00:00',0);
INSERT INTO TAX_RATES_TAX_TEMPLATE VALUES(74,144,1,0,5.0000,'2010-01-01 00:00:00','2010-01-01 00:00:00',0);
INSERT INTO TAX_RATES_TAX_TEMPLATE VALUES(75,146,1,1,0.0000,'2010-01-01 00:00:00','2010-01-01 00:00:00',0);
INSERT INTO TAX_RATES_TAX_TEMPLATE VALUES(76,200,1,0,20.0000,'2010-01-01 00:00:00','2010-01-01 00:00:00',0);
INSERT INTO TAX_RATES_TAX_TEMPLATE VALUES(77,201,1,0,21.0000,'2010-01-01 00:00:00','2010-01-01 00:00:00',0);
INSERT INTO TAX_RATES_TAX_TEMPLATE VALUES(78,202,1,0,21.0000,'2010-01-01 00:00:00','2010-01-01 00:00:00',0);
INSERT INTO TAX_RATES_TAX_TEMPLATE VALUES(79,203,1,0,15.0000,'2010-01-01 00:00:00','2010-01-01 00:00:00',0);
INSERT INTO TAX_RATES_TAX_TEMPLATE VALUES(80,204,1,0,19.0000,'2010-01-01 00:00:00','2010-01-01 00:00:00',0);
INSERT INTO TAX_RATES_TAX_TEMPLATE VALUES(81,205,1,0,25.0000,'2010-01-01 00:00:00','2010-01-01 00:00:00',0);
INSERT INTO TAX_RATES_TAX_TEMPLATE VALUES(82,206,1,0,18.0000,'2010-01-01 00:00:00','2010-01-01 00:00:00',0);
INSERT INTO TAX_RATES_TAX_TEMPLATE VALUES(83,207,1,0,22.0000,'2010-01-01 00:00:00','2010-01-01 00:00:00',0);
INSERT INTO TAX_RATES_TAX_TEMPLATE VALUES(84,208,1,0,19.6000,'2010-01-01 00:00:00','2010-01-01 00:00:00',0);
INSERT INTO TAX_RATES_TAX_TEMPLATE VALUES(85,209,1,0,19.0000,'2010-01-01 00:00:00','2010-01-01 00:00:00',0);
INSERT INTO TAX_RATES_TAX_TEMPLATE VALUES(86,210,1,0,19.0000,'2010-01-01 00:00:00','2010-01-01 00:00:00',0);
INSERT INTO TAX_RATES_TAX_TEMPLATE VALUES(87,211,1,0,20.0000,'2010-01-01 00:00:00','2010-01-01 00:00:00',0);
INSERT INTO TAX_RATES_TAX_TEMPLATE VALUES(88,212,1,0,21.0000,'2010-01-01 00:00:00','2010-01-01 00:00:00',0);
INSERT INTO TAX_RATES_TAX_TEMPLATE VALUES(89,213,1,0,20.0000,'2010-01-01 00:00:00','2010-01-01 00:00:00',0);
INSERT INTO TAX_RATES_TAX_TEMPLATE VALUES(90,214,1,0,18.0000,'2010-01-01 00:00:00','2010-01-01 00:00:00',0);
INSERT INTO TAX_RATES_TAX_TEMPLATE VALUES(91,215,1,0,18.0000,'2010-01-01 00:00:00','2010-01-01 00:00:00',0);
INSERT INTO TAX_RATES_TAX_TEMPLATE VALUES(92,216,1,0,15.0000,'2010-01-01 00:00:00','2010-01-01 00:00:00',0);
INSERT INTO TAX_RATES_TAX_TEMPLATE VALUES(93,217,1,0,18.0000,'2010-01-01 00:00:00','2010-01-01 00:00:00',0);
INSERT INTO TAX_RATES_TAX_TEMPLATE VALUES(94,218,1,0,19.0000,'2010-01-01 00:00:00','2010-01-01 00:00:00',0);
INSERT INTO TAX_RATES_TAX_TEMPLATE VALUES(95,219,1,0,22.0000,'2010-01-01 00:00:00','2010-01-01 00:00:00',0);
INSERT INTO TAX_RATES_TAX_TEMPLATE VALUES(96,220,1,0,21.0000,'2010-01-01 00:00:00','2010-01-01 00:00:00',0);
INSERT INTO TAX_RATES_TAX_TEMPLATE VALUES(97,221,1,0,19.0000,'2010-01-01 00:00:00','2010-01-01 00:00:00',0);
INSERT INTO TAX_RATES_TAX_TEMPLATE VALUES(98,222,1,0,19.0000,'2010-01-01 00:00:00','2010-01-01 00:00:00',0);
INSERT INTO TAX_RATES_TAX_TEMPLATE VALUES(99,223,1,0,20.0000,'2010-01-01 00:00:00','2010-01-01 00:00:00',0);
INSERT INTO TAX_RATES_TAX_TEMPLATE VALUES(100,224,1,0,16.0000,'2010-01-01 00:00:00','2010-01-01 00:00:00',0);
INSERT INTO TAX_RATES_TAX_TEMPLATE VALUES(101,225,1,0,25.0000,'2010-01-01 00:00:00','2010-01-01 00:00:00',0);
INSERT INTO TAX_RATES_TAX_TEMPLATE VALUES(102,226,1,0,17.5000,'2010-01-01 00:00:00','2010-01-01 00:00:00',0);



INSERT INTO TAX_RATES_DESCRIPTION_TAX_TPL VALUES(2,1,'Alabama sales tax');
INSERT INTO TAX_RATES_DESCRIPTION_TAX_TPL VALUES(2,2,'Taxe de vente Alabama');
INSERT INTO TAX_RATES_DESCRIPTION_TAX_TPL VALUES(3,1,'Alaska sales tax');
INSERT INTO TAX_RATES_DESCRIPTION_TAX_TPL VALUES(3,2,'Taxe de vente Alaska');
INSERT INTO TAX_RATES_DESCRIPTION_TAX_TPL VALUES(4,1,'Arizona sales tax');
INSERT INTO TAX_RATES_DESCRIPTION_TAX_TPL VALUES(4,2,'Taxe de vente Arizona');
INSERT INTO TAX_RATES_DESCRIPTION_TAX_TPL VALUES(5,1,'Arkansas sales tax');
INSERT INTO TAX_RATES_DESCRIPTION_TAX_TPL VALUES(5,2,'Taxe de vente Arkansas');
INSERT INTO TAX_RATES_DESCRIPTION_TAX_TPL VALUES(6,1,'California sales tax');
INSERT INTO TAX_RATES_DESCRIPTION_TAX_TPL VALUES(6,2,'Taxe de vente Californie');
INSERT INTO TAX_RATES_DESCRIPTION_TAX_TPL VALUES(7,1,'Colorado sales tax');
INSERT INTO TAX_RATES_DESCRIPTION_TAX_TPL VALUES(7,2,'Taxe de vente Colorado');
INSERT INTO TAX_RATES_DESCRIPTION_TAX_TPL VALUES(8,1,'Connecticut sales tax');
INSERT INTO TAX_RATES_DESCRIPTION_TAX_TPL VALUES(8,2,'Taxe de vente Connecticut');
INSERT INTO TAX_RATES_DESCRIPTION_TAX_TPL VALUES(9,1,'Delaware sales tax');
INSERT INTO TAX_RATES_DESCRIPTION_TAX_TPL VALUES(9,2,'Taxe de vente Delaware');
INSERT INTO TAX_RATES_DESCRIPTION_TAX_TPL VALUES(10,1,'Florida sales tax');
INSERT INTO TAX_RATES_DESCRIPTION_TAX_TPL VALUES(10,2,'Taxe de vente Floride');
INSERT INTO TAX_RATES_DESCRIPTION_TAX_TPL VALUES(11,1,'Georgia sales tax');
INSERT INTO TAX_RATES_DESCRIPTION_TAX_TPL VALUES(11,2,'Taxe de vente Georgie');
INSERT INTO TAX_RATES_DESCRIPTION_TAX_TPL VALUES(12,1,'Hawaii sales tax');
INSERT INTO TAX_RATES_DESCRIPTION_TAX_TPL VALUES(12,2,'Taxe de vente Hawaii');
INSERT INTO TAX_RATES_DESCRIPTION_TAX_TPL VALUES(13,1,'Idaho sales tax');
INSERT INTO TAX_RATES_DESCRIPTION_TAX_TPL VALUES(13,2,'Taxe de vente Idaho');
INSERT INTO TAX_RATES_DESCRIPTION_TAX_TPL VALUES(14,1,'Illinois sales tax');
INSERT INTO TAX_RATES_DESCRIPTION_TAX_TPL VALUES(14,2,'Taxe de vente Illinois');
INSERT INTO TAX_RATES_DESCRIPTION_TAX_TPL VALUES(15,1,'Indiana sales tax');
INSERT INTO TAX_RATES_DESCRIPTION_TAX_TPL VALUES(15,2,'Taxe de vente Indiana');
INSERT INTO TAX_RATES_DESCRIPTION_TAX_TPL VALUES(16,1,'Iowa sales tax');
INSERT INTO TAX_RATES_DESCRIPTION_TAX_TPL VALUES(16,2,'Taxe de vente Iowa');
INSERT INTO TAX_RATES_DESCRIPTION_TAX_TPL VALUES(17,1,'Kansas sales tax');
INSERT INTO TAX_RATES_DESCRIPTION_TAX_TPL VALUES(17,2,'Taxe de vente Kansas');
INSERT INTO TAX_RATES_DESCRIPTION_TAX_TPL VALUES(18,1,'Kentucky sales tax');
INSERT INTO TAX_RATES_DESCRIPTION_TAX_TPL VALUES(18,2,'Taxe de vente Kentucky');
INSERT INTO TAX_RATES_DESCRIPTION_TAX_TPL VALUES(19,1,'Louisiana sales tax');
INSERT INTO TAX_RATES_DESCRIPTION_TAX_TPL VALUES(19,2,'Taxe de vente Louisiane');
INSERT INTO TAX_RATES_DESCRIPTION_TAX_TPL VALUES(20,1,'Maine sales tax');
INSERT INTO TAX_RATES_DESCRIPTION_TAX_TPL VALUES(20,2,'Taxe de vente Maine');
INSERT INTO TAX_RATES_DESCRIPTION_TAX_TPL VALUES(21,1,'Maryland sales tax');
INSERT INTO TAX_RATES_DESCRIPTION_TAX_TPL VALUES(21,2,'Taxe de vente Maryland');
INSERT INTO TAX_RATES_DESCRIPTION_TAX_TPL VALUES(22,1,'Massachusetts sales tax');
INSERT INTO TAX_RATES_DESCRIPTION_TAX_TPL VALUES(22,2,'Taxe de vente Massachusetts');
INSERT INTO TAX_RATES_DESCRIPTION_TAX_TPL VALUES(23,1,'Michigan sales tax');
INSERT INTO TAX_RATES_DESCRIPTION_TAX_TPL VALUES(23,2,'Taxe de vente Michigan');
INSERT INTO TAX_RATES_DESCRIPTION_TAX_TPL VALUES(24,1,'Minnesota sales tax');
INSERT INTO TAX_RATES_DESCRIPTION_TAX_TPL VALUES(24,2,'Taxe de vente Minnesota');
INSERT INTO TAX_RATES_DESCRIPTION_TAX_TPL VALUES(25,1,'Mississippi sales tax');
INSERT INTO TAX_RATES_DESCRIPTION_TAX_TPL VALUES(25,2,'Taxe de vente Mississippi');
INSERT INTO TAX_RATES_DESCRIPTION_TAX_TPL VALUES(26,1,'Missouri sales tax');
INSERT INTO TAX_RATES_DESCRIPTION_TAX_TPL VALUES(26,2,'Taxe de vente Missouri');
INSERT INTO TAX_RATES_DESCRIPTION_TAX_TPL VALUES(27,1,'Montana sales tax');
INSERT INTO TAX_RATES_DESCRIPTION_TAX_TPL VALUES(27,2,'Taxe de vente Montana');
INSERT INTO TAX_RATES_DESCRIPTION_TAX_TPL VALUES(28,1,'Nebraska sales tax');
INSERT INTO TAX_RATES_DESCRIPTION_TAX_TPL VALUES(28,2,'Taxe de vente Nebraska');
INSERT INTO TAX_RATES_DESCRIPTION_TAX_TPL VALUES(29,1,'Nevada sales tax');
INSERT INTO TAX_RATES_DESCRIPTION_TAX_TPL VALUES(29,2,'Taxe de vente Nevada');
INSERT INTO TAX_RATES_DESCRIPTION_TAX_TPL VALUES(30,1,'New Hampshire sales tax');
INSERT INTO TAX_RATES_DESCRIPTION_TAX_TPL VALUES(30,2,'Taxe de vente New Hampshire');
INSERT INTO TAX_RATES_DESCRIPTION_TAX_TPL VALUES(31,1,'New Jersey sales tax');
INSERT INTO TAX_RATES_DESCRIPTION_TAX_TPL VALUES(31,2,'Taxe de vente New Jersey');
INSERT INTO TAX_RATES_DESCRIPTION_TAX_TPL VALUES(32,1,'New Mexico sales tax');
INSERT INTO TAX_RATES_DESCRIPTION_TAX_TPL VALUES(32,2,'Taxe de vente Nouveau Mexique');
INSERT INTO TAX_RATES_DESCRIPTION_TAX_TPL VALUES(33,1,'New York sales tax');
INSERT INTO TAX_RATES_DESCRIPTION_TAX_TPL VALUES(33,2,'Taxe de vente Nouveau Mexique');
INSERT INTO TAX_RATES_DESCRIPTION_TAX_TPL VALUES(34,1,'North Carolina sales tax');
INSERT INTO TAX_RATES_DESCRIPTION_TAX_TPL VALUES(34,2,'Taxe de vente Caroline du Nord');
INSERT INTO TAX_RATES_DESCRIPTION_TAX_TPL VALUES(35,1,'North Dakota sales tax');
INSERT INTO TAX_RATES_DESCRIPTION_TAX_TPL VALUES(35,2,'Taxe de vente Dakota du Nord');
INSERT INTO TAX_RATES_DESCRIPTION_TAX_TPL VALUES(36,1,'Ohio sales tax');
INSERT INTO TAX_RATES_DESCRIPTION_TAX_TPL VALUES(36,2,'Taxe de vente Ohio');
INSERT INTO TAX_RATES_DESCRIPTION_TAX_TPL VALUES(37,1,'Oklahoma sales tax');
INSERT INTO TAX_RATES_DESCRIPTION_TAX_TPL VALUES(37,2,'Taxe de vente Oklahoma');
INSERT INTO TAX_RATES_DESCRIPTION_TAX_TPL VALUES(38,1,'Oregon sales tax');
INSERT INTO TAX_RATES_DESCRIPTION_TAX_TPL VALUES(38,2,'Taxe de vente Oregon');
INSERT INTO TAX_RATES_DESCRIPTION_TAX_TPL VALUES(39,1,'Pennsylvania sales tax');
INSERT INTO TAX_RATES_DESCRIPTION_TAX_TPL VALUES(39,2,'Taxe de vente Pennsylvanie');
INSERT INTO TAX_RATES_DESCRIPTION_TAX_TPL VALUES(40,1,'Rhode Island sales tax');
INSERT INTO TAX_RATES_DESCRIPTION_TAX_TPL VALUES(40,2,'Taxe de vente Rhode Island');
INSERT INTO TAX_RATES_DESCRIPTION_TAX_TPL VALUES(41,1,'South Carolina sales tax');
INSERT INTO TAX_RATES_DESCRIPTION_TAX_TPL VALUES(41,2,'Taxe de vente Caroline du Sud');
INSERT INTO TAX_RATES_DESCRIPTION_TAX_TPL VALUES(42,1,'South Dakota sales tax');
INSERT INTO TAX_RATES_DESCRIPTION_TAX_TPL VALUES(42,2,'Taxe de vente Dakota du Sud');
INSERT INTO TAX_RATES_DESCRIPTION_TAX_TPL VALUES(43,1,'Tennessee sales tax');
INSERT INTO TAX_RATES_DESCRIPTION_TAX_TPL VALUES(43,2,'Taxe de vente Tennessee');
INSERT INTO TAX_RATES_DESCRIPTION_TAX_TPL VALUES(44,1,'Texas sales tax');
INSERT INTO TAX_RATES_DESCRIPTION_TAX_TPL VALUES(44,2,'Taxe de vente Texas');
INSERT INTO TAX_RATES_DESCRIPTION_TAX_TPL VALUES(45,1,'Utah sales tax');
INSERT INTO TAX_RATES_DESCRIPTION_TAX_TPL VALUES(45,2,'Taxe de vente Utah');
INSERT INTO TAX_RATES_DESCRIPTION_TAX_TPL VALUES(46,1,'Vermont sales tax');
INSERT INTO TAX_RATES_DESCRIPTION_TAX_TPL VALUES(46,2,'Taxe de vente Vermont');
INSERT INTO TAX_RATES_DESCRIPTION_TAX_TPL VALUES(47,1,'Virginia sales tax');
INSERT INTO TAX_RATES_DESCRIPTION_TAX_TPL VALUES(47,2,'Taxe de vente Virginie');
INSERT INTO TAX_RATES_DESCRIPTION_TAX_TPL VALUES(48,1,'Washington sales tax');
INSERT INTO TAX_RATES_DESCRIPTION_TAX_TPL VALUES(48,2,'Taxe de vente Washington');
INSERT INTO TAX_RATES_DESCRIPTION_TAX_TPL VALUES(49,1,'Washington DC sales tax');
INSERT INTO TAX_RATES_DESCRIPTION_TAX_TPL VALUES(49,2,'Taxe de vente Washington DC');
INSERT INTO TAX_RATES_DESCRIPTION_TAX_TPL VALUES(50,1,'West Virginia sales tax');
INSERT INTO TAX_RATES_DESCRIPTION_TAX_TPL VALUES(50,2,'Taxe de vente West Virginia');
INSERT INTO TAX_RATES_DESCRIPTION_TAX_TPL VALUES(51,1,'Wisconsin sales tax');
INSERT INTO TAX_RATES_DESCRIPTION_TAX_TPL VALUES(51,2,'Taxe de vente Wisconsin');
INSERT INTO TAX_RATES_DESCRIPTION_TAX_TPL VALUES(52,1,'Wyoming sales tax');
INSERT INTO TAX_RATES_DESCRIPTION_TAX_TPL VALUES(52,2,'Taxe de vente Wyoming');
INSERT INTO TAX_RATES_DESCRIPTION_TAX_TPL VALUES(53,1,'GST');
INSERT INTO TAX_RATES_DESCRIPTION_TAX_TPL VALUES(53,2,'TPS');
INSERT INTO TAX_RATES_DESCRIPTION_TAX_TPL VALUES(54,1,'Alberta PST');
INSERT INTO TAX_RATES_DESCRIPTION_TAX_TPL VALUES(54,2,'Taxe de vente provinciale Alberta');
INSERT INTO TAX_RATES_DESCRIPTION_TAX_TPL VALUES(55,1,'HST');
INSERT INTO TAX_RATES_DESCRIPTION_TAX_TPL VALUES(55,2,'Taxe de vente Harmonisee');
INSERT INTO TAX_RATES_DESCRIPTION_TAX_TPL VALUES(57,1,'GST');
INSERT INTO TAX_RATES_DESCRIPTION_TAX_TPL VALUES(57,2,'TPS');
INSERT INTO TAX_RATES_DESCRIPTION_TAX_TPL VALUES(58,1,'Manitoba PST');
INSERT INTO TAX_RATES_DESCRIPTION_TAX_TPL VALUES(58,2,'Taxe de vente provinciale Manitoba');
INSERT INTO TAX_RATES_DESCRIPTION_TAX_TPL VALUES(59,1,'HST');
INSERT INTO TAX_RATES_DESCRIPTION_TAX_TPL VALUES(59,2,'Taxe de vente Harmonisee');
INSERT INTO TAX_RATES_DESCRIPTION_TAX_TPL VALUES(60,1,'HST');
INSERT INTO TAX_RATES_DESCRIPTION_TAX_TPL VALUES(60,2,'Taxe de vente Harmonisee');
INSERT INTO TAX_RATES_DESCRIPTION_TAX_TPL VALUES(61,1,'HST');
INSERT INTO TAX_RATES_DESCRIPTION_TAX_TPL VALUES(61,2,'Taxe de vente Harmonisee');
INSERT INTO TAX_RATES_DESCRIPTION_TAX_TPL VALUES(62,1,'GST');
INSERT INTO TAX_RATES_DESCRIPTION_TAX_TPL VALUES(62,2,'TPS');
INSERT INTO TAX_RATES_DESCRIPTION_TAX_TPL VALUES(63,1,'Northwest Territories PST');
INSERT INTO TAX_RATES_DESCRIPTION_TAX_TPL VALUES(63,2,'Taxe de vente provinciale Territoires du Nord-Ouest');
INSERT INTO TAX_RATES_DESCRIPTION_TAX_TPL VALUES(64,1,'GST');
INSERT INTO TAX_RATES_DESCRIPTION_TAX_TPL VALUES(64,2,'TPS');
INSERT INTO TAX_RATES_DESCRIPTION_TAX_TPL VALUES(65,1,'Nunavut PST');
INSERT INTO TAX_RATES_DESCRIPTION_TAX_TPL VALUES(65,2,'Taxe de vente provinciale Nunavut');
INSERT INTO TAX_RATES_DESCRIPTION_TAX_TPL VALUES(66,1,'HST');
INSERT INTO TAX_RATES_DESCRIPTION_TAX_TPL VALUES(66,2,'Taxe de vente Harmonisee');
INSERT INTO TAX_RATES_DESCRIPTION_TAX_TPL VALUES(68,1,'GST');
INSERT INTO TAX_RATES_DESCRIPTION_TAX_TPL VALUES(68,2,'TPS');
INSERT INTO TAX_RATES_DESCRIPTION_TAX_TPL VALUES(69,1,'Prince Edward Island PST');
INSERT INTO TAX_RATES_DESCRIPTION_TAX_TPL VALUES(69,2,'Taxe de vente provinciale ile-du-Prince-edouard');
INSERT INTO TAX_RATES_DESCRIPTION_TAX_TPL VALUES(70,1,'GST');
INSERT INTO TAX_RATES_DESCRIPTION_TAX_TPL VALUES(70,2,'TPS');
INSERT INTO TAX_RATES_DESCRIPTION_TAX_TPL VALUES(71,1,'Quebec PST');
INSERT INTO TAX_RATES_DESCRIPTION_TAX_TPL VALUES(71,2,'Taxe de vente provinciale');
INSERT INTO TAX_RATES_DESCRIPTION_TAX_TPL VALUES(72,1,'GST');
INSERT INTO TAX_RATES_DESCRIPTION_TAX_TPL VALUES(72,2,'TPS');
INSERT INTO TAX_RATES_DESCRIPTION_TAX_TPL VALUES(73,1,'Saskatchewan PST');
INSERT INTO TAX_RATES_DESCRIPTION_TAX_TPL VALUES(73,2,'Taxe de vente provinciale');
INSERT INTO TAX_RATES_DESCRIPTION_TAX_TPL VALUES(74,1,'GST');
INSERT INTO TAX_RATES_DESCRIPTION_TAX_TPL VALUES(74,2,'TPS');
INSERT INTO TAX_RATES_DESCRIPTION_TAX_TPL VALUES(75,1,'Yukon Territory PST');
INSERT INTO TAX_RATES_DESCRIPTION_TAX_TPL VALUES(75,2,'Taxe de vente provinciale Yukon');
INSERT INTO TAX_RATES_DESCRIPTION_TAX_TPL VALUES(76,1,'Austria VAT');
INSERT INTO TAX_RATES_DESCRIPTION_TAX_TPL VALUES(76,2,'TVA Autriche');
INSERT INTO TAX_RATES_DESCRIPTION_TAX_TPL VALUES(77,1,'Belgium VAT');
INSERT INTO TAX_RATES_DESCRIPTION_TAX_TPL VALUES(77,2,'TVA Belgique');
INSERT INTO TAX_RATES_DESCRIPTION_TAX_TPL VALUES(78,1,'Bulgaria VAT');
INSERT INTO TAX_RATES_DESCRIPTION_TAX_TPL VALUES(78,2,'TVA Bulgarie');
INSERT INTO TAX_RATES_DESCRIPTION_TAX_TPL VALUES(79,1,'Cyprus VAT');
INSERT INTO TAX_RATES_DESCRIPTION_TAX_TPL VALUES(79,2,'TVA Chypre');
INSERT INTO TAX_RATES_DESCRIPTION_TAX_TPL VALUES(80,1,'Czech Republic VAT');
INSERT INTO TAX_RATES_DESCRIPTION_TAX_TPL VALUES(80,2,'TVA Republique tcheque');
INSERT INTO TAX_RATES_DESCRIPTION_TAX_TPL VALUES(81,1,'Denmark VAT');
INSERT INTO TAX_RATES_DESCRIPTION_TAX_TPL VALUES(81,2,'TVA Danemark');
INSERT INTO TAX_RATES_DESCRIPTION_TAX_TPL VALUES(82,1,'Estonia VAT');
INSERT INTO TAX_RATES_DESCRIPTION_TAX_TPL VALUES(82,2,'TVA Estonia');
INSERT INTO TAX_RATES_DESCRIPTION_TAX_TPL VALUES(83,1,'Finland VAT');
INSERT INTO TAX_RATES_DESCRIPTION_TAX_TPL VALUES(83,2,'TVA Finlande');
INSERT INTO TAX_RATES_DESCRIPTION_TAX_TPL VALUES(84,1,'France VAT');
INSERT INTO TAX_RATES_DESCRIPTION_TAX_TPL VALUES(84,2,'TVA France');
INSERT INTO TAX_RATES_DESCRIPTION_TAX_TPL VALUES(85,1,'Germany VAT');
INSERT INTO TAX_RATES_DESCRIPTION_TAX_TPL VALUES(85,2,'TVA Allemagne');
INSERT INTO TAX_RATES_DESCRIPTION_TAX_TPL VALUES(86,1,'Greece VAT');
INSERT INTO TAX_RATES_DESCRIPTION_TAX_TPL VALUES(86,2,'TVA Grece');
INSERT INTO TAX_RATES_DESCRIPTION_TAX_TPL VALUES(87,1,'Hungary VAT');
INSERT INTO TAX_RATES_DESCRIPTION_TAX_TPL VALUES(87,2,'TVA Hongrie');
INSERT INTO TAX_RATES_DESCRIPTION_TAX_TPL VALUES(88,1,'Ireland VAT');
INSERT INTO TAX_RATES_DESCRIPTION_TAX_TPL VALUES(88,2,'TVA Irlande');
INSERT INTO TAX_RATES_DESCRIPTION_TAX_TPL VALUES(89,1,'Italy VAT');
INSERT INTO TAX_RATES_DESCRIPTION_TAX_TPL VALUES(89,2,'TVA Italie');
INSERT INTO TAX_RATES_DESCRIPTION_TAX_TPL VALUES(90,1,'Latvia VAT');
INSERT INTO TAX_RATES_DESCRIPTION_TAX_TPL VALUES(90,2,'TVA Lettonie');
INSERT INTO TAX_RATES_DESCRIPTION_TAX_TPL VALUES(91,1,'Lithuania VAT');
INSERT INTO TAX_RATES_DESCRIPTION_TAX_TPL VALUES(91,2,'TVA Lituanie');
INSERT INTO TAX_RATES_DESCRIPTION_TAX_TPL VALUES(92,1,'Luxembourg VAT');
INSERT INTO TAX_RATES_DESCRIPTION_TAX_TPL VALUES(92,2,'TVA Luxembourg');
INSERT INTO TAX_RATES_DESCRIPTION_TAX_TPL VALUES(93,1,'Malta VAT');
INSERT INTO TAX_RATES_DESCRIPTION_TAX_TPL VALUES(93,2,'TVA Malte');
INSERT INTO TAX_RATES_DESCRIPTION_TAX_TPL VALUES(94,1,'Netherlands VAT');
INSERT INTO TAX_RATES_DESCRIPTION_TAX_TPL VALUES(94,2,'TVA Pays-Bas');
INSERT INTO TAX_RATES_DESCRIPTION_TAX_TPL VALUES(95,1,'Poland VAT');
INSERT INTO TAX_RATES_DESCRIPTION_TAX_TPL VALUES(95,2,'TVA Pologne');
INSERT INTO TAX_RATES_DESCRIPTION_TAX_TPL VALUES(96,1,'Portugal VAT');
INSERT INTO TAX_RATES_DESCRIPTION_TAX_TPL VALUES(96,2,'TVA Portugal');
INSERT INTO TAX_RATES_DESCRIPTION_TAX_TPL VALUES(97,1,'Romania VAT');
INSERT INTO TAX_RATES_DESCRIPTION_TAX_TPL VALUES(97,2,'TVA Roumanie');
INSERT INTO TAX_RATES_DESCRIPTION_TAX_TPL VALUES(98,1,'Slovakia VAT');
INSERT INTO TAX_RATES_DESCRIPTION_TAX_TPL VALUES(98,2,'TVA Republique slovaque');
INSERT INTO TAX_RATES_DESCRIPTION_TAX_TPL VALUES(99,1,'Slovenia VAT');
INSERT INTO TAX_RATES_DESCRIPTION_TAX_TPL VALUES(99,2,'TVA Slovenie');
INSERT INTO TAX_RATES_DESCRIPTION_TAX_TPL VALUES(100,1,'Spain VAT');
INSERT INTO TAX_RATES_DESCRIPTION_TAX_TPL VALUES(100,2,'TVA Espagne');
INSERT INTO TAX_RATES_DESCRIPTION_TAX_TPL VALUES(101,1,'Sweden VAT');
INSERT INTO TAX_RATES_DESCRIPTION_TAX_TPL VALUES(101,2,'TVA Suede');
INSERT INTO TAX_RATES_DESCRIPTION_TAX_TPL VALUES(102,1,'United Kingdom VAT');
INSERT INTO TAX_RATES_DESCRIPTION_TAX_TPL VALUES(102,2,'TVA Royaume Uni');



--
-- Dumping data for table 'ZONES'
--
INSERT INTO ZONES VALUES(1,223,'AL');
INSERT INTO ZONES VALUES(2,223,'AK');
INSERT INTO ZONES VALUES(3,223,'AS');
INSERT INTO ZONES VALUES(4,223,'AZ');
INSERT INTO ZONES VALUES(5,223,'AR');
INSERT INTO ZONES VALUES(6,223,'AF');
INSERT INTO ZONES VALUES(7,223,'AA');
INSERT INTO ZONES VALUES(8,223,'AC');
INSERT INTO ZONES VALUES(9,223,'AE');
INSERT INTO ZONES VALUES(10,223,'AM');
INSERT INTO ZONES VALUES(11,223,'AP');
INSERT INTO ZONES VALUES(12,223,'CA');
INSERT INTO ZONES VALUES(13,223,'CO');
INSERT INTO ZONES VALUES(14,223,'CT');
INSERT INTO ZONES VALUES(15,223,'DE');
INSERT INTO ZONES VALUES(16,223,'DC');
INSERT INTO ZONES VALUES(17,223,'FM');
INSERT INTO ZONES VALUES(18,223,'FL');
INSERT INTO ZONES VALUES(19,223,'GA');
INSERT INTO ZONES VALUES(20,223,'GU');
INSERT INTO ZONES VALUES(21,223,'HI');
INSERT INTO ZONES VALUES(22,223,'ID');
INSERT INTO ZONES VALUES(23,223,'IL');
INSERT INTO ZONES VALUES(24,223,'IN');
INSERT INTO ZONES VALUES(25,223,'IA');
INSERT INTO ZONES VALUES(26,223,'KS');
INSERT INTO ZONES VALUES(27,223,'KY');
INSERT INTO ZONES VALUES(28,223,'LA');
INSERT INTO ZONES VALUES(29,223,'ME');
INSERT INTO ZONES VALUES(30,223,'MH');
INSERT INTO ZONES VALUES(31,223,'MD');
INSERT INTO ZONES VALUES(32,223,'MA');
INSERT INTO ZONES VALUES(33,223,'MI');
INSERT INTO ZONES VALUES(34,223,'MN');
INSERT INTO ZONES VALUES(35,223,'MS');
INSERT INTO ZONES VALUES(36,223,'MO');
INSERT INTO ZONES VALUES(37,223,'MT');
INSERT INTO ZONES VALUES(38,223,'NE');
INSERT INTO ZONES VALUES(39,223,'NV');
INSERT INTO ZONES VALUES(40,223,'NH');
INSERT INTO ZONES VALUES(41,223,'NJ');
INSERT INTO ZONES VALUES(42,223,'NM');
INSERT INTO ZONES VALUES(43,223,'NY');
INSERT INTO ZONES VALUES(44,223,'NC');
INSERT INTO ZONES VALUES(45,223,'ND');
INSERT INTO ZONES VALUES(46,223,'MP');
INSERT INTO ZONES VALUES(47,223,'OH');
INSERT INTO ZONES VALUES(48,223,'OK');
INSERT INTO ZONES VALUES(49,223,'OR');
INSERT INTO ZONES VALUES(50,163,'PW');
INSERT INTO ZONES VALUES(51,223,'PA');
INSERT INTO ZONES VALUES(52,223,'PR');
INSERT INTO ZONES VALUES(53,223,'RI');
INSERT INTO ZONES VALUES(54,223,'SC');
INSERT INTO ZONES VALUES(55,223,'SD');
INSERT INTO ZONES VALUES(56,223,'TN');
INSERT INTO ZONES VALUES(57,223,'TX');
INSERT INTO ZONES VALUES(58,223,'UT');
INSERT INTO ZONES VALUES(59,223,'VT');
INSERT INTO ZONES VALUES(60,223,'VI');
INSERT INTO ZONES VALUES(61,223,'VA');
INSERT INTO ZONES VALUES(62,223,'WA');
INSERT INTO ZONES VALUES(63,223,'WV');
INSERT INTO ZONES VALUES(64,223,'WI');
INSERT INTO ZONES VALUES(65,223,'WY');
INSERT INTO ZONES VALUES(66,38,'AB');
INSERT INTO ZONES VALUES(67,38,'BC');
INSERT INTO ZONES VALUES(68,38,'MB');
INSERT INTO ZONES VALUES(69,38,'NF');
INSERT INTO ZONES VALUES(70,38,'NB');
INSERT INTO ZONES VALUES(71,38,'NS');
INSERT INTO ZONES VALUES(72,38,'NT');
INSERT INTO ZONES VALUES(73,38,'NU');
INSERT INTO ZONES VALUES(74,38,'ON');
INSERT INTO ZONES VALUES(75,38,'PE');
INSERT INTO ZONES VALUES(76,38,'QC');
INSERT INTO ZONES VALUES(77,38,'SK');
INSERT INTO ZONES VALUES(78,38,'YT');
INSERT INTO ZONES VALUES(79,81,'NDS');
INSERT INTO ZONES VALUES(80,81,'BAW');
INSERT INTO ZONES VALUES(81,81,'BAY');
INSERT INTO ZONES VALUES(82,81,'BER');
INSERT INTO ZONES VALUES(83,81,'BRG');
INSERT INTO ZONES VALUES(84,81,'BRE');
INSERT INTO ZONES VALUES(85,81,'HAM');
INSERT INTO ZONES VALUES(86,81,'HES');
INSERT INTO ZONES VALUES(87,81,'MEC');
INSERT INTO ZONES VALUES(88,81,'NRW');
INSERT INTO ZONES VALUES(89,81,'RHE');
INSERT INTO ZONES VALUES(90,81,'SAR');
INSERT INTO ZONES VALUES(91,81,'SAS');
INSERT INTO ZONES VALUES(92,81,'SAC');
INSERT INTO ZONES VALUES(93,81,'SCN');
INSERT INTO ZONES VALUES(94,81,'THE');
INSERT INTO ZONES VALUES(95,14,'WI');
INSERT INTO ZONES VALUES(96,14,'NO');
INSERT INTO ZONES VALUES(97,14,'OO');
INSERT INTO ZONES VALUES(98,14,'SB');
INSERT INTO ZONES VALUES(99,14,'KN');
INSERT INTO ZONES VALUES(100,14,'ST');
INSERT INTO ZONES VALUES(101,14,'TI');
INSERT INTO ZONES VALUES(102,14,'BL');
INSERT INTO ZONES VALUES(103,14,'VB');
INSERT INTO ZONES VALUES(104,204,'AG');
INSERT INTO ZONES VALUES(105,204,'AI');
INSERT INTO ZONES VALUES(106,204,'AR');
INSERT INTO ZONES VALUES(107,204,'BE');
INSERT INTO ZONES VALUES(108,204,'BL');
INSERT INTO ZONES VALUES(109,204,'BS');
INSERT INTO ZONES VALUES(110,204,'FR');
INSERT INTO ZONES VALUES(111,204,'GE');
INSERT INTO ZONES VALUES(112,204,'GL');
INSERT INTO ZONES VALUES(113,204,'JU');
INSERT INTO ZONES VALUES(114,204,'JU');
INSERT INTO ZONES VALUES(115,204,'LU');
INSERT INTO ZONES VALUES(116,204,'NE');
INSERT INTO ZONES VALUES(117,204,'NW');
INSERT INTO ZONES VALUES(118,204,'OW');
INSERT INTO ZONES VALUES(119,204,'SG');
INSERT INTO ZONES VALUES(120,204,'SH');
INSERT INTO ZONES VALUES(121,204,'SO');
INSERT INTO ZONES VALUES(122,204,'SZ');
INSERT INTO ZONES VALUES(123,204,'TG');
INSERT INTO ZONES VALUES(124,204,'TI');
INSERT INTO ZONES VALUES(125,204,'UR');
INSERT INTO ZONES VALUES(126,204,'VD');
INSERT INTO ZONES VALUES(127,204,'VS');
INSERT INTO ZONES VALUES(128,204,'ZG');
INSERT INTO ZONES VALUES(129,204,'ZH');
INSERT INTO ZONES VALUES(130,195,'A Corua');
INSERT INTO ZONES VALUES(131,195,'Alava');
INSERT INTO ZONES VALUES(132,195,'Albacete');
INSERT INTO ZONES VALUES(133,195,'Alicante');
INSERT INTO ZONES VALUES(134,195,'Almeria');
INSERT INTO ZONES VALUES(135,195,'Asturias');
INSERT INTO ZONES VALUES(136,195,'Avila');
INSERT INTO ZONES VALUES(137,195,'Badajoz');
INSERT INTO ZONES VALUES(138,195,'Baleares');
INSERT INTO ZONES VALUES(139,195,'Barcelona');
INSERT INTO ZONES VALUES(140,195,'Burgos');
INSERT INTO ZONES VALUES(141,195,'Caceres');
INSERT INTO ZONES VALUES(142,195,'Cadiz');
INSERT INTO ZONES VALUES(143,195,'Cantabria');
INSERT INTO ZONES VALUES(144,195,'Castellon');
INSERT INTO ZONES VALUES(145,195,'Ceuta');
INSERT INTO ZONES VALUES(146,195,'Ciudad Real');
INSERT INTO ZONES VALUES(147,195,'Cordoba');
INSERT INTO ZONES VALUES(148,195,'Cuenca');
INSERT INTO ZONES VALUES(149,195,'Girona');
INSERT INTO ZONES VALUES(150,195,'Granada');
INSERT INTO ZONES VALUES(151,195,'Guadalajara');
INSERT INTO ZONES VALUES(152,195,'Guipuzcoa');
INSERT INTO ZONES VALUES(153,195,'Huelva');
INSERT INTO ZONES VALUES(154,195,'Huesca');
INSERT INTO ZONES VALUES(155,195,'Jaen');
INSERT INTO ZONES VALUES(156,195,'La Rioja');
INSERT INTO ZONES VALUES(157,195,'Las Palmas');
INSERT INTO ZONES VALUES(158,195,'Leon');
INSERT INTO ZONES VALUES(159,195,'Lleida');
INSERT INTO ZONES VALUES(160,195,'Lugo');
INSERT INTO ZONES VALUES(161,195,'Madrid');
INSERT INTO ZONES VALUES(162,195,'Malaga');
INSERT INTO ZONES VALUES(163,195,'Melilla');
INSERT INTO ZONES VALUES(164,195,'Murcia');
INSERT INTO ZONES VALUES(165,195,'Navarra');
INSERT INTO ZONES VALUES(166,195,'Ourense');
INSERT INTO ZONES VALUES(167,195,'Palencia');
INSERT INTO ZONES VALUES(168,195,'Pontevedra');
INSERT INTO ZONES VALUES(169,195,'Salamanca');
INSERT INTO ZONES VALUES(170,195,'Santa Cruz de Tenerife');
INSERT INTO ZONES VALUES(171,195,'Segovia');
INSERT INTO ZONES VALUES(172,195,'Sevilla');
INSERT INTO ZONES VALUES(173,195,'Soria');
INSERT INTO ZONES VALUES(174,195,'Tarragona');
INSERT INTO ZONES VALUES(175,195,'Teruel');
INSERT INTO ZONES VALUES(176,195,'Toledo');
INSERT INTO ZONES VALUES(177,195,'Valencia');
INSERT INTO ZONES VALUES(178,195,'Valladolid');
INSERT INTO ZONES VALUES(179,195,'Vizcaya');
INSERT INTO ZONES VALUES(180,195,'Zamora');
INSERT INTO ZONES VALUES(181,195,'Zaragoza');
INSERT INTO ZONES VALUES(182,13,'ACT');
INSERT INTO ZONES VALUES(183,13,'NSW');
INSERT INTO ZONES VALUES(184,13,'NT');
INSERT INTO ZONES VALUES(185,13,'QLD');
INSERT INTO ZONES VALUES(186,13,'SA');
INSERT INTO ZONES VALUES(187,13,'TAS');
INSERT INTO ZONES VALUES(188,13,'VIC');
INSERT INTO ZONES VALUES(189,13,'WA');

INSERT INTO ZONES_DESCRIPTION VALUES(1,1,'Alabama');
INSERT INTO ZONES_DESCRIPTION VALUES(1,2,'Alabama');
INSERT INTO ZONES_DESCRIPTION VALUES(2,1,'Alaska');
INSERT INTO ZONES_DESCRIPTION VALUES(2,2,'Alaska');
INSERT INTO ZONES_DESCRIPTION VALUES(3,1,'American Samoa');
INSERT INTO ZONES_DESCRIPTION VALUES(3,2,'American Samoa');
INSERT INTO ZONES_DESCRIPTION VALUES(4,1,'Arizona');
INSERT INTO ZONES_DESCRIPTION VALUES(4,2,'Arizona');
INSERT INTO ZONES_DESCRIPTION VALUES(5,1,'Arkansas');
INSERT INTO ZONES_DESCRIPTION VALUES(5,2,'Arkansas');
INSERT INTO ZONES_DESCRIPTION VALUES(6,1,'Armed Forces Africa');
INSERT INTO ZONES_DESCRIPTION VALUES(6,2,'Armed Forces Africa');
INSERT INTO ZONES_DESCRIPTION VALUES(7,1,'Armed Forces Americas');
INSERT INTO ZONES_DESCRIPTION VALUES(7,2,'Armed Forces Americas');
INSERT INTO ZONES_DESCRIPTION VALUES(8,1,'Armed Forces Canada');
INSERT INTO ZONES_DESCRIPTION VALUES(8,2,'Armed Forces Canada');
INSERT INTO ZONES_DESCRIPTION VALUES(9,1,'Armed Forces Europe');
INSERT INTO ZONES_DESCRIPTION VALUES(9,2,'Armed Forces Europe');
INSERT INTO ZONES_DESCRIPTION VALUES(10,1,'Armed Forces Middle East');
INSERT INTO ZONES_DESCRIPTION VALUES(10,2,'Armed Forces Middle East');
INSERT INTO ZONES_DESCRIPTION VALUES(11,1,'Armed Forces Pacific');
INSERT INTO ZONES_DESCRIPTION VALUES(11,2,'Armed Forces Pacific');
INSERT INTO ZONES_DESCRIPTION VALUES(12,1,'California');
INSERT INTO ZONES_DESCRIPTION VALUES(12,2,'California');
INSERT INTO ZONES_DESCRIPTION VALUES(13,1,'Colorado');
INSERT INTO ZONES_DESCRIPTION VALUES(13,2,'Colorado');
INSERT INTO ZONES_DESCRIPTION VALUES(14,1,'Connecticut');
INSERT INTO ZONES_DESCRIPTION VALUES(14,2,'Connecticut');
INSERT INTO ZONES_DESCRIPTION VALUES(15,1,'Delaware');
INSERT INTO ZONES_DESCRIPTION VALUES(15,2,'Delaware');
INSERT INTO ZONES_DESCRIPTION VALUES(16,1,'District of Columbia');
INSERT INTO ZONES_DESCRIPTION VALUES(16,2,'District of Columbia');
INSERT INTO ZONES_DESCRIPTION VALUES(17,1,'Federated States Of Micronesia');
INSERT INTO ZONES_DESCRIPTION VALUES(17,2,'Federated States Of Micronesia');
INSERT INTO ZONES_DESCRIPTION VALUES(18,1,'Florida');
INSERT INTO ZONES_DESCRIPTION VALUES(18,2,'Florida');
INSERT INTO ZONES_DESCRIPTION VALUES(19,1,'Georgia');
INSERT INTO ZONES_DESCRIPTION VALUES(19,2,'Georgia');
INSERT INTO ZONES_DESCRIPTION VALUES(20,1,'Guam');
INSERT INTO ZONES_DESCRIPTION VALUES(20,2,'Guam');
INSERT INTO ZONES_DESCRIPTION VALUES(21,1,'Hawaii');
INSERT INTO ZONES_DESCRIPTION VALUES(21,2,'Hawaii');
INSERT INTO ZONES_DESCRIPTION VALUES(22,1,'Idaho');
INSERT INTO ZONES_DESCRIPTION VALUES(22,2,'Idaho');
INSERT INTO ZONES_DESCRIPTION VALUES(23,1,'Illinois');
INSERT INTO ZONES_DESCRIPTION VALUES(23,2,'Illinois');
INSERT INTO ZONES_DESCRIPTION VALUES(24,1,'Indiana');
INSERT INTO ZONES_DESCRIPTION VALUES(24,2,'Indiana');
INSERT INTO ZONES_DESCRIPTION VALUES(25,1,'Iowa');
INSERT INTO ZONES_DESCRIPTION VALUES(25,2,'Iowa');
INSERT INTO ZONES_DESCRIPTION VALUES(26,1,'Kansas');
INSERT INTO ZONES_DESCRIPTION VALUES(26,2,'Kansas');
INSERT INTO ZONES_DESCRIPTION VALUES(27,1,'Kentucky');
INSERT INTO ZONES_DESCRIPTION VALUES(27,2,'Kentucky');
INSERT INTO ZONES_DESCRIPTION VALUES(28,1,'Louisiana');
INSERT INTO ZONES_DESCRIPTION VALUES(28,2,'Louisiana');
INSERT INTO ZONES_DESCRIPTION VALUES(29,1,'Maine');
INSERT INTO ZONES_DESCRIPTION VALUES(29,2,'Maine');
INSERT INTO ZONES_DESCRIPTION VALUES(30,1,'Marshall Islands');
INSERT INTO ZONES_DESCRIPTION VALUES(30,2,'Marshall Islands');
INSERT INTO ZONES_DESCRIPTION VALUES(31,1,'Maryland');
INSERT INTO ZONES_DESCRIPTION VALUES(31,2,'Maryland');
INSERT INTO ZONES_DESCRIPTION VALUES(32,1,'Massachusetts');
INSERT INTO ZONES_DESCRIPTION VALUES(32,2,'Massachusetts');
INSERT INTO ZONES_DESCRIPTION VALUES(33,1,'Michigan');
INSERT INTO ZONES_DESCRIPTION VALUES(33,2,'Michigan');
INSERT INTO ZONES_DESCRIPTION VALUES(34,1,'Minnesota');
INSERT INTO ZONES_DESCRIPTION VALUES(34,2,'Minnesota');
INSERT INTO ZONES_DESCRIPTION VALUES(35,1,'Mississippi');
INSERT INTO ZONES_DESCRIPTION VALUES(35,2,'Mississippi');
INSERT INTO ZONES_DESCRIPTION VALUES(36,1,'Missouri');
INSERT INTO ZONES_DESCRIPTION VALUES(36,2,'Missouri');
INSERT INTO ZONES_DESCRIPTION VALUES(37,1,'Montana');
INSERT INTO ZONES_DESCRIPTION VALUES(37,2,'Montana');
INSERT INTO ZONES_DESCRIPTION VALUES(38,1,'Nebraska');
INSERT INTO ZONES_DESCRIPTION VALUES(38,2,'Nebraska');
INSERT INTO ZONES_DESCRIPTION VALUES(39,1,'Nevada');
INSERT INTO ZONES_DESCRIPTION VALUES(39,2,'Nevada');
INSERT INTO ZONES_DESCRIPTION VALUES(40,1,'New Hampshire');
INSERT INTO ZONES_DESCRIPTION VALUES(40,2,'New Hampshire');
INSERT INTO ZONES_DESCRIPTION VALUES(41,1,'New Jersey');
INSERT INTO ZONES_DESCRIPTION VALUES(41,2,'New Jersey');
INSERT INTO ZONES_DESCRIPTION VALUES(42,1,'New Mexico');
INSERT INTO ZONES_DESCRIPTION VALUES(42,2,'New Mexico');
INSERT INTO ZONES_DESCRIPTION VALUES(43,1,'New York');
INSERT INTO ZONES_DESCRIPTION VALUES(43,2,'New York');
INSERT INTO ZONES_DESCRIPTION VALUES(44,1,'North Carolina');
INSERT INTO ZONES_DESCRIPTION VALUES(44,2,'North Carolina');
INSERT INTO ZONES_DESCRIPTION VALUES(45,1,'North Dakota');
INSERT INTO ZONES_DESCRIPTION VALUES(45,2,'North Dakota');
INSERT INTO ZONES_DESCRIPTION VALUES(46,1,'Northern Mariana Islands');
INSERT INTO ZONES_DESCRIPTION VALUES(46,2,'Northern Mariana Islands');
INSERT INTO ZONES_DESCRIPTION VALUES(47,1,'Ohio');
INSERT INTO ZONES_DESCRIPTION VALUES(47,2,'Ohio');
INSERT INTO ZONES_DESCRIPTION VALUES(48,1,'Oklahoma');
INSERT INTO ZONES_DESCRIPTION VALUES(48,2,'Oklahoma');
INSERT INTO ZONES_DESCRIPTION VALUES(49,1,'Oregon');
INSERT INTO ZONES_DESCRIPTION VALUES(49,2,'Oregon');
INSERT INTO ZONES_DESCRIPTION VALUES(50,1,'Palau');
INSERT INTO ZONES_DESCRIPTION VALUES(50,2,'Palau');
INSERT INTO ZONES_DESCRIPTION VALUES(51,1,'Pennsylvania');
INSERT INTO ZONES_DESCRIPTION VALUES(51,2,'Pennsylvania');
INSERT INTO ZONES_DESCRIPTION VALUES(52,1,'Puerto Rico');
INSERT INTO ZONES_DESCRIPTION VALUES(52,2,'Puerto Rico');
INSERT INTO ZONES_DESCRIPTION VALUES(53,1,'Rhode Island');
INSERT INTO ZONES_DESCRIPTION VALUES(53,2,'Rhode Island');
INSERT INTO ZONES_DESCRIPTION VALUES(54,1,'South Carolina');
INSERT INTO ZONES_DESCRIPTION VALUES(54,2,'South Carolina');
INSERT INTO ZONES_DESCRIPTION VALUES(55,1,'South Dakota');
INSERT INTO ZONES_DESCRIPTION VALUES(55,2,'South Dakota');
INSERT INTO ZONES_DESCRIPTION VALUES(56,1,'Tennessee');
INSERT INTO ZONES_DESCRIPTION VALUES(56,2,'Tennessee');
INSERT INTO ZONES_DESCRIPTION VALUES(57,1,'Texas');
INSERT INTO ZONES_DESCRIPTION VALUES(57,2,'Texas');
INSERT INTO ZONES_DESCRIPTION VALUES(58,1,'Utah');
INSERT INTO ZONES_DESCRIPTION VALUES(58,2,'Utah');
INSERT INTO ZONES_DESCRIPTION VALUES(59,1,'Vermont');
INSERT INTO ZONES_DESCRIPTION VALUES(59,2,'Vermont');
INSERT INTO ZONES_DESCRIPTION VALUES(60,1,'Virgin Islands');
INSERT INTO ZONES_DESCRIPTION VALUES(60,2,'Virgin Islands');
INSERT INTO ZONES_DESCRIPTION VALUES(61,1,'Virginia');
INSERT INTO ZONES_DESCRIPTION VALUES(61,2,'Virginia');
INSERT INTO ZONES_DESCRIPTION VALUES(62,1,'Washington');
INSERT INTO ZONES_DESCRIPTION VALUES(62,2,'Washington');
INSERT INTO ZONES_DESCRIPTION VALUES(63,1,'West Virginia');
INSERT INTO ZONES_DESCRIPTION VALUES(63,2,'West Virginia');
INSERT INTO ZONES_DESCRIPTION VALUES(64,1,'Wisconsin');
INSERT INTO ZONES_DESCRIPTION VALUES(64,2,'Wisconsin');
INSERT INTO ZONES_DESCRIPTION VALUES(65,1,'Wyoming');
INSERT INTO ZONES_DESCRIPTION VALUES(65,2,'Wyoming');
INSERT INTO ZONES_DESCRIPTION VALUES(66,1,'Alberta');
INSERT INTO ZONES_DESCRIPTION VALUES(66,2,'Alberta');
INSERT INTO ZONES_DESCRIPTION VALUES(67,1,'British Columbia');
INSERT INTO ZONES_DESCRIPTION VALUES(67,2,'British Columbia');
INSERT INTO ZONES_DESCRIPTION VALUES(68,1,'Manitoba');
INSERT INTO ZONES_DESCRIPTION VALUES(68,2,'Manitoba');
INSERT INTO ZONES_DESCRIPTION VALUES(69,1,'Newfoundland - Labrador');
INSERT INTO ZONES_DESCRIPTION VALUES(69,2,'Newfoundland - Labrador');
INSERT INTO ZONES_DESCRIPTION VALUES(70,1,'New Brunswick');
INSERT INTO ZONES_DESCRIPTION VALUES(70,2,'New Brunswick');
INSERT INTO ZONES_DESCRIPTION VALUES(71,1,'Nova Scotia');
INSERT INTO ZONES_DESCRIPTION VALUES(71,2,'Nova Scotia');
INSERT INTO ZONES_DESCRIPTION VALUES(72,1,'Northwest Territories');
INSERT INTO ZONES_DESCRIPTION VALUES(72,2,'Northwest Territories');
INSERT INTO ZONES_DESCRIPTION VALUES(73,1,'Nunavut');
INSERT INTO ZONES_DESCRIPTION VALUES(73,2,'Nunavut');
INSERT INTO ZONES_DESCRIPTION VALUES(74,1,'Ontario');
INSERT INTO ZONES_DESCRIPTION VALUES(74,2,'Ontario');
INSERT INTO ZONES_DESCRIPTION VALUES(75,1,'Prince Edward Island');
INSERT INTO ZONES_DESCRIPTION VALUES(75,2,'Prince Edward Island');
INSERT INTO ZONES_DESCRIPTION VALUES(76,1,'Quebec');
INSERT INTO ZONES_DESCRIPTION VALUES(76,2,'Quebec');
INSERT INTO ZONES_DESCRIPTION VALUES(77,1,'Saskatchewan');
INSERT INTO ZONES_DESCRIPTION VALUES(77,2,'Saskatchewan');
INSERT INTO ZONES_DESCRIPTION VALUES(78,1,'Yukon Territory');
INSERT INTO ZONES_DESCRIPTION VALUES(78,2,'Yukon Territory');
INSERT INTO ZONES_DESCRIPTION VALUES(79,1,'Niedersachsen');
INSERT INTO ZONES_DESCRIPTION VALUES(79,2,'Niedersachsen');
INSERT INTO ZONES_DESCRIPTION VALUES(80,1,'Baden-Wrttemberg');
INSERT INTO ZONES_DESCRIPTION VALUES(80,2,'Baden-Wrttemberg');
INSERT INTO ZONES_DESCRIPTION VALUES(81,1,'Bayern');
INSERT INTO ZONES_DESCRIPTION VALUES(81,2,'Bayern');
INSERT INTO ZONES_DESCRIPTION VALUES(82,1,'Berlin');
INSERT INTO ZONES_DESCRIPTION VALUES(82,2,'Berlin');
INSERT INTO ZONES_DESCRIPTION VALUES(83,1,'Brandenburg');
INSERT INTO ZONES_DESCRIPTION VALUES(83,2,'Brandenburg');
INSERT INTO ZONES_DESCRIPTION VALUES(84,1,'Bremen');
INSERT INTO ZONES_DESCRIPTION VALUES(84,2,'Bremen');
INSERT INTO ZONES_DESCRIPTION VALUES(85,1,'Hamburg');
INSERT INTO ZONES_DESCRIPTION VALUES(85,2,'Hamburg');
INSERT INTO ZONES_DESCRIPTION VALUES(86,1,'Hessen');
INSERT INTO ZONES_DESCRIPTION VALUES(86,2,'Hessen');
INSERT INTO ZONES_DESCRIPTION VALUES(87,1,'Mecklenburg-Vorpommern');
INSERT INTO ZONES_DESCRIPTION VALUES(87,2,'Mecklenburg-Vorpommern');
INSERT INTO ZONES_DESCRIPTION VALUES(88,1,'Nordrhein-Westfalen');
INSERT INTO ZONES_DESCRIPTION VALUES(88,2,'Nordrhein-Westfalen');
INSERT INTO ZONES_DESCRIPTION VALUES(89,1,'Rheinland-Pfalz');
INSERT INTO ZONES_DESCRIPTION VALUES(89,2,'Rheinland-Pfalz');
INSERT INTO ZONES_DESCRIPTION VALUES(90,1,'Saarland');
INSERT INTO ZONES_DESCRIPTION VALUES(90,2,'Saarland');
INSERT INTO ZONES_DESCRIPTION VALUES(91,1,'Sachsen');
INSERT INTO ZONES_DESCRIPTION VALUES(91,2,'Sachsen');
INSERT INTO ZONES_DESCRIPTION VALUES(92,1,'Sachsen-Anhalt');
INSERT INTO ZONES_DESCRIPTION VALUES(92,2,'Sachsen-Anhalt');
INSERT INTO ZONES_DESCRIPTION VALUES(93,1,'Schleswig-Holstein');
INSERT INTO ZONES_DESCRIPTION VALUES(93,2,'Schleswig-Holstein');
INSERT INTO ZONES_DESCRIPTION VALUES(94,1,'Thringen');
INSERT INTO ZONES_DESCRIPTION VALUES(94,2,'Thringen');
INSERT INTO ZONES_DESCRIPTION VALUES(95,1,'Wien');
INSERT INTO ZONES_DESCRIPTION VALUES(95,2,'Wien');
INSERT INTO ZONES_DESCRIPTION VALUES(96,1,'Niedersterreich');
INSERT INTO ZONES_DESCRIPTION VALUES(96,2,'Niedersterreich');
INSERT INTO ZONES_DESCRIPTION VALUES(97,1,'Obersterreich');
INSERT INTO ZONES_DESCRIPTION VALUES(97,2,'Obersterreich');
INSERT INTO ZONES_DESCRIPTION VALUES(98,1,'Salzburg');
INSERT INTO ZONES_DESCRIPTION VALUES(98,2,'Salzburg');
INSERT INTO ZONES_DESCRIPTION VALUES(99,1,'Krtnen');
INSERT INTO ZONES_DESCRIPTION VALUES(99,2,'Krtnen');
INSERT INTO ZONES_DESCRIPTION VALUES(100,1,'Steiermark');
INSERT INTO ZONES_DESCRIPTION VALUES(100,2,'Steiermark');
INSERT INTO ZONES_DESCRIPTION VALUES(101,1,'Tirol');
INSERT INTO ZONES_DESCRIPTION VALUES(101,2,'Tirol');
INSERT INTO ZONES_DESCRIPTION VALUES(102,1,'Burgenland');
INSERT INTO ZONES_DESCRIPTION VALUES(102,2,'Burgenland');
INSERT INTO ZONES_DESCRIPTION VALUES(103,1,'Voralberg');
INSERT INTO ZONES_DESCRIPTION VALUES(103,2,'Voralberg');
INSERT INTO ZONES_DESCRIPTION VALUES(104,1,'Aargau');
INSERT INTO ZONES_DESCRIPTION VALUES(104,2,'Aargau');
INSERT INTO ZONES_DESCRIPTION VALUES(105,1,'Appenzell Innerrhoden');
INSERT INTO ZONES_DESCRIPTION VALUES(105,2,'Appenzell Innerrhoden');
INSERT INTO ZONES_DESCRIPTION VALUES(106,1,'Appenzell Ausserrhoden');
INSERT INTO ZONES_DESCRIPTION VALUES(106,2,'Appenzell Ausserrhoden');
INSERT INTO ZONES_DESCRIPTION VALUES(107,1,'Bern');
INSERT INTO ZONES_DESCRIPTION VALUES(107,2,'Bern');
INSERT INTO ZONES_DESCRIPTION VALUES(108,1,'Basel-Landschaft');
INSERT INTO ZONES_DESCRIPTION VALUES(108,2,'Basel-Landschaft');
INSERT INTO ZONES_DESCRIPTION VALUES(109,1,'Basel-Stadt');
INSERT INTO ZONES_DESCRIPTION VALUES(109,2,'Basel-Stadt');
INSERT INTO ZONES_DESCRIPTION VALUES(110,1,'Freiburg');
INSERT INTO ZONES_DESCRIPTION VALUES(110,2,'Freiburg');
INSERT INTO ZONES_DESCRIPTION VALUES(111,1,'Genf');
INSERT INTO ZONES_DESCRIPTION VALUES(111,2,'Genf');
INSERT INTO ZONES_DESCRIPTION VALUES(112,1,'Glarus');
INSERT INTO ZONES_DESCRIPTION VALUES(112,2,'Glarus');
INSERT INTO ZONES_DESCRIPTION VALUES(113,1,'Graubnden');
INSERT INTO ZONES_DESCRIPTION VALUES(113,2,'Graubnden');
INSERT INTO ZONES_DESCRIPTION VALUES(114,1,'Jura');
INSERT INTO ZONES_DESCRIPTION VALUES(114,2,'Jura');
INSERT INTO ZONES_DESCRIPTION VALUES(115,1,'Luzern');
INSERT INTO ZONES_DESCRIPTION VALUES(115,2,'Luzern');
INSERT INTO ZONES_DESCRIPTION VALUES(116,1,'Neuenburg');
INSERT INTO ZONES_DESCRIPTION VALUES(116,2,'Neuenburg');
INSERT INTO ZONES_DESCRIPTION VALUES(117,1,'Nidwalden');
INSERT INTO ZONES_DESCRIPTION VALUES(117,2,'Nidwalden');
INSERT INTO ZONES_DESCRIPTION VALUES(118,1,'Obwalden');
INSERT INTO ZONES_DESCRIPTION VALUES(118,2,'Obwalden');
INSERT INTO ZONES_DESCRIPTION VALUES(119,1,'St. Gallen');
INSERT INTO ZONES_DESCRIPTION VALUES(119,2,'St. Gallen');
INSERT INTO ZONES_DESCRIPTION VALUES(120,1,'Schaffhausen');
INSERT INTO ZONES_DESCRIPTION VALUES(120,2,'Schaffhausen');
INSERT INTO ZONES_DESCRIPTION VALUES(121,1,'Solothurn');
INSERT INTO ZONES_DESCRIPTION VALUES(121,2,'Solothurn');
INSERT INTO ZONES_DESCRIPTION VALUES(122,1,'Schwyz');
INSERT INTO ZONES_DESCRIPTION VALUES(122,2,'Schwyz');
INSERT INTO ZONES_DESCRIPTION VALUES(123,1,'Thurgau');
INSERT INTO ZONES_DESCRIPTION VALUES(123,2,'Thurgau');
INSERT INTO ZONES_DESCRIPTION VALUES(124,1,'Tessin');
INSERT INTO ZONES_DESCRIPTION VALUES(124,2,'Tessin');
INSERT INTO ZONES_DESCRIPTION VALUES(125,1,'Uri');
INSERT INTO ZONES_DESCRIPTION VALUES(125,2,'Uri');
INSERT INTO ZONES_DESCRIPTION VALUES(126,1,'Waadt');
INSERT INTO ZONES_DESCRIPTION VALUES(126,2,'Waadt');
INSERT INTO ZONES_DESCRIPTION VALUES(127,1,'Wallis');
INSERT INTO ZONES_DESCRIPTION VALUES(127,2,'Wallis');
INSERT INTO ZONES_DESCRIPTION VALUES(128,1,'Zug');
INSERT INTO ZONES_DESCRIPTION VALUES(128,2,'Zug');
INSERT INTO ZONES_DESCRIPTION VALUES(129,1,'Zrich');
INSERT INTO ZONES_DESCRIPTION VALUES(129,2,'Zrich');
INSERT INTO ZONES_DESCRIPTION VALUES(130,1,'A Corua');
INSERT INTO ZONES_DESCRIPTION VALUES(130,2,'A Corua');
INSERT INTO ZONES_DESCRIPTION VALUES(131,1,'Alava');
INSERT INTO ZONES_DESCRIPTION VALUES(131,2,'Alava');
INSERT INTO ZONES_DESCRIPTION VALUES(132,1,'Albacete');
INSERT INTO ZONES_DESCRIPTION VALUES(132,2,'Albacete');
INSERT INTO ZONES_DESCRIPTION VALUES(133,1,'Alicante');
INSERT INTO ZONES_DESCRIPTION VALUES(133,2,'Alicante');
INSERT INTO ZONES_DESCRIPTION VALUES(134,1,'Almeria');
INSERT INTO ZONES_DESCRIPTION VALUES(134,2,'Almeria');
INSERT INTO ZONES_DESCRIPTION VALUES(135,1,'Asturias');
INSERT INTO ZONES_DESCRIPTION VALUES(135,2,'Asturias');
INSERT INTO ZONES_DESCRIPTION VALUES(136,1,'Avila');
INSERT INTO ZONES_DESCRIPTION VALUES(136,2,'Avila');
INSERT INTO ZONES_DESCRIPTION VALUES(137,1,'Badajoz');
INSERT INTO ZONES_DESCRIPTION VALUES(137,2,'Badajoz');
INSERT INTO ZONES_DESCRIPTION VALUES(138,1,'Baleares');
INSERT INTO ZONES_DESCRIPTION VALUES(138,2,'Baleares');
INSERT INTO ZONES_DESCRIPTION VALUES(139,1,'Barcelona');
INSERT INTO ZONES_DESCRIPTION VALUES(139,2,'Barcelona');
INSERT INTO ZONES_DESCRIPTION VALUES(140,1,'Burgos');
INSERT INTO ZONES_DESCRIPTION VALUES(140,2,'Burgos');
INSERT INTO ZONES_DESCRIPTION VALUES(141,1,'Caceres');
INSERT INTO ZONES_DESCRIPTION VALUES(141,2,'Caceres');
INSERT INTO ZONES_DESCRIPTION VALUES(142,1,'Cadiz');
INSERT INTO ZONES_DESCRIPTION VALUES(142,2,'Cadiz');
INSERT INTO ZONES_DESCRIPTION VALUES(143,1,'Cantabria');
INSERT INTO ZONES_DESCRIPTION VALUES(143,2,'Cantabria');
INSERT INTO ZONES_DESCRIPTION VALUES(144,1,'Castellon');
INSERT INTO ZONES_DESCRIPTION VALUES(144,2,'Castellon');
INSERT INTO ZONES_DESCRIPTION VALUES(145,1,'Ceuta');
INSERT INTO ZONES_DESCRIPTION VALUES(145,2,'Ceuta');
INSERT INTO ZONES_DESCRIPTION VALUES(146,1,'Ciudad Real');
INSERT INTO ZONES_DESCRIPTION VALUES(146,2,'Ciudad Real');
INSERT INTO ZONES_DESCRIPTION VALUES(147,1,'Cordoba');
INSERT INTO ZONES_DESCRIPTION VALUES(147,2,'Cordoba');
INSERT INTO ZONES_DESCRIPTION VALUES(148,1,'Cuenca');
INSERT INTO ZONES_DESCRIPTION VALUES(148,2,'Cuenca');
INSERT INTO ZONES_DESCRIPTION VALUES(149,1,'Girona');
INSERT INTO ZONES_DESCRIPTION VALUES(149,2,'Girona');
INSERT INTO ZONES_DESCRIPTION VALUES(150,1,'Granada');
INSERT INTO ZONES_DESCRIPTION VALUES(150,2,'Granada');
INSERT INTO ZONES_DESCRIPTION VALUES(151,1,'Guadalajara');
INSERT INTO ZONES_DESCRIPTION VALUES(151,2,'Guadalajara');
INSERT INTO ZONES_DESCRIPTION VALUES(152,1,'Guipuzcoa');
INSERT INTO ZONES_DESCRIPTION VALUES(152,2,'Guipuzcoa');
INSERT INTO ZONES_DESCRIPTION VALUES(153,1,'Huelva');
INSERT INTO ZONES_DESCRIPTION VALUES(153,2,'Huelva');
INSERT INTO ZONES_DESCRIPTION VALUES(154,1,'Huesca');
INSERT INTO ZONES_DESCRIPTION VALUES(154,2,'Huesca');
INSERT INTO ZONES_DESCRIPTION VALUES(155,1,'Jaen');
INSERT INTO ZONES_DESCRIPTION VALUES(155,2,'Jaen');
INSERT INTO ZONES_DESCRIPTION VALUES(156,1,'La Rioja');
INSERT INTO ZONES_DESCRIPTION VALUES(156,2,'La Rioja');
INSERT INTO ZONES_DESCRIPTION VALUES(157,1,'Las Palmas');
INSERT INTO ZONES_DESCRIPTION VALUES(157,2,'Las Palmas');
INSERT INTO ZONES_DESCRIPTION VALUES(158,1,'Leon');
INSERT INTO ZONES_DESCRIPTION VALUES(158,2,'Leon');
INSERT INTO ZONES_DESCRIPTION VALUES(159,1,'Lleida');
INSERT INTO ZONES_DESCRIPTION VALUES(159,2,'Lleida');
INSERT INTO ZONES_DESCRIPTION VALUES(160,1,'Lugo');
INSERT INTO ZONES_DESCRIPTION VALUES(160,2,'Lugo');
INSERT INTO ZONES_DESCRIPTION VALUES(161,1,'Madrid');
INSERT INTO ZONES_DESCRIPTION VALUES(161,2,'Madrid');
INSERT INTO ZONES_DESCRIPTION VALUES(162,1,'Malaga');
INSERT INTO ZONES_DESCRIPTION VALUES(162,2,'Malaga');
INSERT INTO ZONES_DESCRIPTION VALUES(163,1,'Melilla');
INSERT INTO ZONES_DESCRIPTION VALUES(163,2,'Melilla');
INSERT INTO ZONES_DESCRIPTION VALUES(164,1,'Murcia');
INSERT INTO ZONES_DESCRIPTION VALUES(164,2,'Murcia');
INSERT INTO ZONES_DESCRIPTION VALUES(165,1,'Navarra');
INSERT INTO ZONES_DESCRIPTION VALUES(165,2,'Navarra');
INSERT INTO ZONES_DESCRIPTION VALUES(166,1,'Ourense');
INSERT INTO ZONES_DESCRIPTION VALUES(166,2,'Ourense');
INSERT INTO ZONES_DESCRIPTION VALUES(167,1,'Palencia');
INSERT INTO ZONES_DESCRIPTION VALUES(167,2,'Palencia');
INSERT INTO ZONES_DESCRIPTION VALUES(168,1,'Pontevedra');
INSERT INTO ZONES_DESCRIPTION VALUES(168,2,'Pontevedra');
INSERT INTO ZONES_DESCRIPTION VALUES(169,1,'Salamanca');
INSERT INTO ZONES_DESCRIPTION VALUES(169,2,'Salamanca');
INSERT INTO ZONES_DESCRIPTION VALUES(170,1,'Santa Cruz de Tenerife');
INSERT INTO ZONES_DESCRIPTION VALUES(170,2,'Santa Cruz de Tenerife');
INSERT INTO ZONES_DESCRIPTION VALUES(171,1,'Segovia');
INSERT INTO ZONES_DESCRIPTION VALUES(171,2,'Segovia');
INSERT INTO ZONES_DESCRIPTION VALUES(172,1,'Sevilla');
INSERT INTO ZONES_DESCRIPTION VALUES(172,2,'Sevilla');
INSERT INTO ZONES_DESCRIPTION VALUES(173,1,'Soria');
INSERT INTO ZONES_DESCRIPTION VALUES(173,2,'Soria');
INSERT INTO ZONES_DESCRIPTION VALUES(174,1,'Tarragona');
INSERT INTO ZONES_DESCRIPTION VALUES(174,2,'Tarragona');
INSERT INTO ZONES_DESCRIPTION VALUES(175,1,'Teruel');
INSERT INTO ZONES_DESCRIPTION VALUES(175,2,'Teruel');
INSERT INTO ZONES_DESCRIPTION VALUES(176,1,'Toledo');
INSERT INTO ZONES_DESCRIPTION VALUES(176,2,'Toledo');
INSERT INTO ZONES_DESCRIPTION VALUES(177,1,'Valencia');
INSERT INTO ZONES_DESCRIPTION VALUES(177,2,'Valencia');
INSERT INTO ZONES_DESCRIPTION VALUES(178,1,'Valladolid');
INSERT INTO ZONES_DESCRIPTION VALUES(178,2,'Valladolid');
INSERT INTO ZONES_DESCRIPTION VALUES(179,1,'Vizcaya');
INSERT INTO ZONES_DESCRIPTION VALUES(179,2,'Vizcaya');
INSERT INTO ZONES_DESCRIPTION VALUES(180,1,'Zamora');
INSERT INTO ZONES_DESCRIPTION VALUES(180,2,'Zamora');
INSERT INTO ZONES_DESCRIPTION VALUES(181,1,'Zaragoza');
INSERT INTO ZONES_DESCRIPTION VALUES(181,2,'Zaragoza');
INSERT INTO ZONES_DESCRIPTION VALUES(182,1,'Australian Capital Territory');
INSERT INTO ZONES_DESCRIPTION VALUES(182,2,'Australian Capital Territory');
INSERT INTO ZONES_DESCRIPTION VALUES(183,1,'New South Wales');
INSERT INTO ZONES_DESCRIPTION VALUES(183,2,'New South Wales');
INSERT INTO ZONES_DESCRIPTION VALUES(184,1,'Northern Territory');
INSERT INTO ZONES_DESCRIPTION VALUES(184,2,'Northern Territory');
INSERT INTO ZONES_DESCRIPTION VALUES(185,1,'Queensland');
INSERT INTO ZONES_DESCRIPTION VALUES(185,2,'Queensland');
INSERT INTO ZONES_DESCRIPTION VALUES(186,1,'South Australia');
INSERT INTO ZONES_DESCRIPTION VALUES(186,2,'South Australia');
INSERT INTO ZONES_DESCRIPTION VALUES(187,1,'Tasmania');
INSERT INTO ZONES_DESCRIPTION VALUES(187,2,'Tasmania');
INSERT INTO ZONES_DESCRIPTION VALUES(188,1,'Victoria');
INSERT INTO ZONES_DESCRIPTION VALUES(188,2,'Victoria');
INSERT INTO ZONES_DESCRIPTION VALUES(189,1,'Western Australia');
INSERT INTO ZONES_DESCRIPTION VALUES(189,2,'Western Australia');



--
-- Dumping data for table 'ZONES_TO_GEO_ZONES_TAX_TPL'
--

INSERT INTO ZONES_TO_GEO_ZONES_TAX_TPL VALUES(1, 223, 1, 1, '2010-01-01 00:00:00', '2010-01-01 00:00:00');
INSERT INTO ZONES_TO_GEO_ZONES_TAX_TPL VALUES(2, 223, 2, 2, '2010-01-01 00:00:00', '2010-01-01 00:00:00');
INSERT INTO ZONES_TO_GEO_ZONES_TAX_TPL VALUES(3, 223, 3, 3, '2010-01-01 00:00:00', '2010-01-01 00:00:00');
INSERT INTO ZONES_TO_GEO_ZONES_TAX_TPL VALUES(4, 223, 4, 4, '2010-01-01 00:00:00', '2010-01-01 00:00:00');
INSERT INTO ZONES_TO_GEO_ZONES_TAX_TPL VALUES(5, 223, 12, 5, '2010-01-01 00:00:00', '2010-01-01 00:00:00');
INSERT INTO ZONES_TO_GEO_ZONES_TAX_TPL VALUES(6, 223, 13, 6, '2010-01-01 00:00:00', '2010-01-01 00:00:00');
INSERT INTO ZONES_TO_GEO_ZONES_TAX_TPL VALUES(7, 223, 14, 7, '2010-01-01 00:00:00', '2010-01-01 00:00:00');
INSERT INTO ZONES_TO_GEO_ZONES_TAX_TPL VALUES(8, 223, 15, 8, '2010-01-01 00:00:00', '2010-01-01 00:00:00');
INSERT INTO ZONES_TO_GEO_ZONES_TAX_TPL VALUES(9, 223, 18, 9, '2010-01-01 00:00:00', '2010-01-01 00:00:00');
INSERT INTO ZONES_TO_GEO_ZONES_TAX_TPL VALUES(10, 223, 19, 10, '2010-01-01 00:00:00', '2010-01-01 00:00:00');
INSERT INTO ZONES_TO_GEO_ZONES_TAX_TPL VALUES(11, 223, 21, 11, '2010-01-01 00:00:00', '2010-01-01 00:00:00');
INSERT INTO ZONES_TO_GEO_ZONES_TAX_TPL VALUES(12, 223, 22, 12, '2010-01-01 00:00:00', '2010-01-01 00:00:00');
INSERT INTO ZONES_TO_GEO_ZONES_TAX_TPL VALUES(13, 223, 23, 13, '2010-01-01 00:00:00', '2010-01-01 00:00:00');
INSERT INTO ZONES_TO_GEO_ZONES_TAX_TPL VALUES(14, 223, 24, 14, '2010-01-01 00:00:00', '2010-01-01 00:00:00');
INSERT INTO ZONES_TO_GEO_ZONES_TAX_TPL VALUES(15, 223, 25, 15, '2010-01-01 00:00:00', '2010-01-01 00:00:00');
INSERT INTO ZONES_TO_GEO_ZONES_TAX_TPL VALUES(16, 223, 26, 16, '2010-01-01 00:00:00', '2010-01-01 00:00:00');
INSERT INTO ZONES_TO_GEO_ZONES_TAX_TPL VALUES(17, 223, 27, 17, '2010-01-01 00:00:00', '2010-01-01 00:00:00');
INSERT INTO ZONES_TO_GEO_ZONES_TAX_TPL VALUES(18, 223, 28, 18, '2010-01-01 00:00:00', '2010-01-01 00:00:00');
INSERT INTO ZONES_TO_GEO_ZONES_TAX_TPL VALUES(19, 223, 29, 19, '2010-01-01 00:00:00', '2010-01-01 00:00:00');
INSERT INTO ZONES_TO_GEO_ZONES_TAX_TPL VALUES(20, 223, 31, 20, '2010-01-01 00:00:00', '2010-01-01 00:00:00');
INSERT INTO ZONES_TO_GEO_ZONES_TAX_TPL VALUES(21, 223, 32, 21, '2010-01-01 00:00:00', '2010-01-01 00:00:00');
INSERT INTO ZONES_TO_GEO_ZONES_TAX_TPL VALUES(22, 223, 33, 22, '2010-01-01 00:00:00', '2010-01-01 00:00:00');
INSERT INTO ZONES_TO_GEO_ZONES_TAX_TPL VALUES(23, 223, 34, 23, '2010-01-01 00:00:00', '2010-01-01 00:00:00');
INSERT INTO ZONES_TO_GEO_ZONES_TAX_TPL VALUES(24, 223, 35, 24, '2010-01-01 00:00:00', '2010-01-01 00:00:00');
INSERT INTO ZONES_TO_GEO_ZONES_TAX_TPL VALUES(25, 223, 36, 25, '2010-01-01 00:00:00', '2010-01-01 00:00:00');
INSERT INTO ZONES_TO_GEO_ZONES_TAX_TPL VALUES(26, 223, 37, 26, '2010-01-01 00:00:00', '2010-01-01 00:00:00');
INSERT INTO ZONES_TO_GEO_ZONES_TAX_TPL VALUES(27, 223, 38, 27, '2010-01-01 00:00:00', '2010-01-01 00:00:00');
INSERT INTO ZONES_TO_GEO_ZONES_TAX_TPL VALUES(28, 223, 39, 28, '2010-01-01 00:00:00', '2010-01-01 00:00:00');
INSERT INTO ZONES_TO_GEO_ZONES_TAX_TPL VALUES(29, 223, 40, 29, '2010-01-01 00:00:00', '2010-01-01 00:00:00');
INSERT INTO ZONES_TO_GEO_ZONES_TAX_TPL VALUES(30, 223, 41, 30, '2010-01-01 00:00:00', '2010-01-01 00:00:00');
INSERT INTO ZONES_TO_GEO_ZONES_TAX_TPL VALUES(31, 223, 42, 31, '2010-01-01 00:00:00', '2010-01-01 00:00:00');
INSERT INTO ZONES_TO_GEO_ZONES_TAX_TPL VALUES(32, 223, 43, 32, '2010-01-01 00:00:00', '2010-01-01 00:00:00');
INSERT INTO ZONES_TO_GEO_ZONES_TAX_TPL VALUES(33, 223, 44, 33, '2010-01-01 00:00:00', '2010-01-01 00:00:00');
INSERT INTO ZONES_TO_GEO_ZONES_TAX_TPL VALUES(34, 223, 45, 34, '2010-01-01 00:00:00', '2010-01-01 00:00:00');
INSERT INTO ZONES_TO_GEO_ZONES_TAX_TPL VALUES(35, 223, 47, 35, '2010-01-01 00:00:00', '2010-01-01 00:00:00');
INSERT INTO ZONES_TO_GEO_ZONES_TAX_TPL VALUES(36, 223, 48, 36, '2010-01-01 00:00:00', '2010-01-01 00:00:00');
INSERT INTO ZONES_TO_GEO_ZONES_TAX_TPL VALUES(37, 223, 49, 37, '2010-01-01 00:00:00', '2010-01-01 00:00:00');
INSERT INTO ZONES_TO_GEO_ZONES_TAX_TPL VALUES(38, 223, 51, 38, '2010-01-01 00:00:00', '2010-01-01 00:00:00');
INSERT INTO ZONES_TO_GEO_ZONES_TAX_TPL VALUES(39, 223, 53, 39, '2010-01-01 00:00:00', '2010-01-01 00:00:00');
INSERT INTO ZONES_TO_GEO_ZONES_TAX_TPL VALUES(40, 223, 54, 40, '2010-01-01 00:00:00', '2010-01-01 00:00:00');
INSERT INTO ZONES_TO_GEO_ZONES_TAX_TPL VALUES(41, 223, 55, 41, '2010-01-01 00:00:00', '2010-01-01 00:00:00');
INSERT INTO ZONES_TO_GEO_ZONES_TAX_TPL VALUES(42, 223, 56, 42, '2010-01-01 00:00:00', '2010-01-01 00:00:00');
INSERT INTO ZONES_TO_GEO_ZONES_TAX_TPL VALUES(43, 223, 57, 43, '2010-01-01 00:00:00', '2010-01-01 00:00:00');
INSERT INTO ZONES_TO_GEO_ZONES_TAX_TPL VALUES(44, 223, 58, 44, '2010-01-01 00:00:00', '2010-01-01 00:00:00');
INSERT INTO ZONES_TO_GEO_ZONES_TAX_TPL VALUES(45, 223, 59, 45, '2010-01-01 00:00:00', '2010-01-01 00:00:00');
INSERT INTO ZONES_TO_GEO_ZONES_TAX_TPL VALUES(46, 223, 61, 46, '2010-01-01 00:00:00', '2010-01-01 00:00:00');
INSERT INTO ZONES_TO_GEO_ZONES_TAX_TPL VALUES(47, 223, 62, 47, '2010-01-01 00:00:00', '2010-01-01 00:00:00');
INSERT INTO ZONES_TO_GEO_ZONES_TAX_TPL VALUES(48, 223, 16, 48, '2010-01-01 00:00:00', '2010-01-01 00:00:00');
INSERT INTO ZONES_TO_GEO_ZONES_TAX_TPL VALUES(49, 223, 63, 49, '2010-01-01 00:00:00', '2010-01-01 00:00:00');
INSERT INTO ZONES_TO_GEO_ZONES_TAX_TPL VALUES(50, 223, 64, 50, '2010-01-01 00:00:00', '2010-01-01 00:00:00');
INSERT INTO ZONES_TO_GEO_ZONES_TAX_TPL VALUES(51, 223, 65, 51, '2010-01-01 00:00:00', '2010-01-01 00:00:00');
INSERT INTO ZONES_TO_GEO_ZONES_TAX_TPL VALUES(100, 38, 66, 100, '2010-01-01 00:00:00', '2010-01-01 00:00:00');
INSERT INTO ZONES_TO_GEO_ZONES_TAX_TPL VALUES(101, 38, 66, 102, '2010-01-01 00:00:00', '2010-01-01 00:00:00');
INSERT INTO ZONES_TO_GEO_ZONES_TAX_TPL VALUES(102, 38, 67, 104, '2010-01-01 00:00:00', '2010-01-01 00:00:00');
INSERT INTO ZONES_TO_GEO_ZONES_TAX_TPL VALUES(103, 38, 67, 106, '2010-01-01 00:00:00', '2010-01-01 00:00:00');
INSERT INTO ZONES_TO_GEO_ZONES_TAX_TPL VALUES(104, 38, 68, 108, '2010-01-01 00:00:00', '2010-01-01 00:00:00');
INSERT INTO ZONES_TO_GEO_ZONES_TAX_TPL VALUES(105, 38, 68, 110, '2010-01-01 00:00:00', '2010-01-01 00:00:00');
INSERT INTO ZONES_TO_GEO_ZONES_TAX_TPL VALUES(106, 38, 69, 112, '2010-01-01 00:00:00', '2010-01-01 00:00:00');
INSERT INTO ZONES_TO_GEO_ZONES_TAX_TPL VALUES(107, 38, 70, 114, '2010-01-01 00:00:00', '2010-01-01 00:00:00');
INSERT INTO ZONES_TO_GEO_ZONES_TAX_TPL VALUES(108, 38, 71, 116, '2010-01-01 00:00:00', '2010-01-01 00:00:00');
INSERT INTO ZONES_TO_GEO_ZONES_TAX_TPL VALUES(109, 38, 72, 120, '2010-01-01 00:00:00', '2010-01-01 00:00:00');
INSERT INTO ZONES_TO_GEO_ZONES_TAX_TPL VALUES(110, 38, 72, 122, '2010-01-01 00:00:00', '2010-01-01 00:00:00');
INSERT INTO ZONES_TO_GEO_ZONES_TAX_TPL VALUES(111, 38, 73, 124, '2010-01-01 00:00:00', '2010-01-01 00:00:00');
INSERT INTO ZONES_TO_GEO_ZONES_TAX_TPL VALUES(112, 38, 73, 126, '2010-01-01 00:00:00', '2010-01-01 00:00:00');
INSERT INTO ZONES_TO_GEO_ZONES_TAX_TPL VALUES(113, 38, 74, 128, '2010-01-01 00:00:00', '2010-01-01 00:00:00');
INSERT INTO ZONES_TO_GEO_ZONES_TAX_TPL VALUES(114, 38, 74, 130, '2010-01-01 00:00:00', '2010-01-01 00:00:00');
INSERT INTO ZONES_TO_GEO_ZONES_TAX_TPL VALUES(115, 38, 75, 132, '2010-01-01 00:00:00', '2010-01-01 00:00:00');
INSERT INTO ZONES_TO_GEO_ZONES_TAX_TPL VALUES(116, 38, 75, 134, '2010-01-01 00:00:00', '2010-01-01 00:00:00');
INSERT INTO ZONES_TO_GEO_ZONES_TAX_TPL VALUES(117, 38, 76, 136, '2010-01-01 00:00:00', '2010-01-01 00:00:00');
INSERT INTO ZONES_TO_GEO_ZONES_TAX_TPL VALUES(118, 38, 76, 138, '2010-01-01 00:00:00', '2010-01-01 00:00:00');
INSERT INTO ZONES_TO_GEO_ZONES_TAX_TPL VALUES(119, 38, 77, 140, '2010-01-01 00:00:00', '2010-01-01 00:00:00');
INSERT INTO ZONES_TO_GEO_ZONES_TAX_TPL VALUES(120, 38, 77, 142, '2010-01-01 00:00:00', '2010-01-01 00:00:00');
INSERT INTO ZONES_TO_GEO_ZONES_TAX_TPL VALUES(121, 38, 78, 144, '2010-01-01 00:00:00', '2010-01-01 00:00:00');
INSERT INTO ZONES_TO_GEO_ZONES_TAX_TPL VALUES(122, 38, 78, 146, '2010-01-01 00:00:00', '2010-01-01 00:00:00');
INSERT INTO ZONES_TO_GEO_ZONES_TAX_TPL VALUES(200, 14, 0, 200, '2010-01-01 00:00:00', '2010-01-01 00:00:00');
INSERT INTO ZONES_TO_GEO_ZONES_TAX_TPL VALUES(201, 21, 0, 201, '2010-01-01 00:00:00', '2010-01-01 00:00:00');
INSERT INTO ZONES_TO_GEO_ZONES_TAX_TPL VALUES(202, 33, 0, 202, '2010-01-01 00:00:00', '2010-01-01 00:00:00');
INSERT INTO ZONES_TO_GEO_ZONES_TAX_TPL VALUES(203, 55, 0, 203, '2010-01-01 00:00:00', '2010-01-01 00:00:00');
INSERT INTO ZONES_TO_GEO_ZONES_TAX_TPL VALUES(204, 56, 0, 204, '2010-01-01 00:00:00', '2010-01-01 00:00:00');
INSERT INTO ZONES_TO_GEO_ZONES_TAX_TPL VALUES(205, 57, 0, 205, '2010-01-01 00:00:00', '2010-01-01 00:00:00');
INSERT INTO ZONES_TO_GEO_ZONES_TAX_TPL VALUES(206, 67, 0, 206, '2010-01-01 00:00:00', '2010-01-01 00:00:00');
INSERT INTO ZONES_TO_GEO_ZONES_TAX_TPL VALUES(207, 72, 0, 207, '2010-01-01 00:00:00', '2010-01-01 00:00:00');
INSERT INTO ZONES_TO_GEO_ZONES_TAX_TPL VALUES(208, 73, 0, 208, '2010-01-01 00:00:00', '2010-01-01 00:00:00');
INSERT INTO ZONES_TO_GEO_ZONES_TAX_TPL VALUES(209, 81, 0, 209, '2010-01-01 00:00:00', '2010-01-01 00:00:00');
INSERT INTO ZONES_TO_GEO_ZONES_TAX_TPL VALUES(210, 84, 0, 210, '2010-01-01 00:00:00', '2010-01-01 00:00:00');
INSERT INTO ZONES_TO_GEO_ZONES_TAX_TPL VALUES(211, 97, 0, 211, '2010-01-01 00:00:00', '2010-01-01 00:00:00');
INSERT INTO ZONES_TO_GEO_ZONES_TAX_TPL VALUES(212, 103, 0, 212, '2010-01-01 00:00:00', '2010-01-01 00:00:00');
INSERT INTO ZONES_TO_GEO_ZONES_TAX_TPL VALUES(213, 105, 0, 213, '2010-01-01 00:00:00', '2010-01-01 00:00:00');
INSERT INTO ZONES_TO_GEO_ZONES_TAX_TPL VALUES(214, 117, 0, 214, '2010-01-01 00:00:00', '2010-01-01 00:00:00');
INSERT INTO ZONES_TO_GEO_ZONES_TAX_TPL VALUES(215, 123, 0, 215, '2010-01-01 00:00:00', '2010-01-01 00:00:00');
INSERT INTO ZONES_TO_GEO_ZONES_TAX_TPL VALUES(216, 134, 0, 216, '2010-01-01 00:00:00', '2010-01-01 00:00:00');
INSERT INTO ZONES_TO_GEO_ZONES_TAX_TPL VALUES(217, 132, 0, 217, '2010-01-01 00:00:00', '2010-01-01 00:00:00');
INSERT INTO ZONES_TO_GEO_ZONES_TAX_TPL VALUES(218, 150, 0, 218, '2010-01-01 00:00:00', '2010-01-01 00:00:00');
INSERT INTO ZONES_TO_GEO_ZONES_TAX_TPL VALUES(219, 170, 0, 219, '2010-01-01 00:00:00', '2010-01-01 00:00:00');
INSERT INTO ZONES_TO_GEO_ZONES_TAX_TPL VALUES(220, 171, 0, 220, '2010-01-01 00:00:00', '2010-01-01 00:00:00');
INSERT INTO ZONES_TO_GEO_ZONES_TAX_TPL VALUES(221, 175, 0, 221, '2010-01-01 00:00:00', '2010-01-01 00:00:00');
INSERT INTO ZONES_TO_GEO_ZONES_TAX_TPL VALUES(222, 189, 0, 222, '2010-01-01 00:00:00', '2010-01-01 00:00:00');
INSERT INTO ZONES_TO_GEO_ZONES_TAX_TPL VALUES(223, 190, 0, 223, '2010-01-01 00:00:00', '2010-01-01 00:00:00');
INSERT INTO ZONES_TO_GEO_ZONES_TAX_TPL VALUES(224, 195, 0, 224, '2010-01-01 00:00:00', '2010-01-01 00:00:00');
INSERT INTO ZONES_TO_GEO_ZONES_TAX_TPL VALUES(225, 203, 0, 225, '2010-01-01 00:00:00', '2010-01-01 00:00:00');
INSERT INTO ZONES_TO_GEO_ZONES_TAX_TPL VALUES(226, 225, 0, 226, '2010-01-01 00:00:00', '2010-01-01 00:00:00');

